#{"t_start": 1784595165.3003259, "env_id": "None"}
r,l,t
-189.0,10,0.003246
-82.0,10,0.004494
-89.0,10,0.005739
3.0,10,0.006965
-62.0,10,0.008188
-151.0,10,0.009396
-113.0,10,0.010596
-201.0,10,0.011803
-80.0,10,0.013024
-31.0,10,0.01425
-33.0,10,0.015449
-83.0,10,0.016652
-74.0,10,0.017865
-88.0,10,0.019065
-38.0,10,0.02027
-114.0,10,0.021488
-176.0,10,0.022706
-110.0,10,0.023914
-90.0,10,0.025114
-99.0,10,0.026345
-28.0,10,0.027555
-146.0,10,0.028787
-121.0,10,0.029983
-174.0,10,0.031186
-156.0,10,0.032397
-140.0,10,0.033598
-152.0,10,0.034801
-241.0,10,0.035998
-136.0,10,0.037193
-156.0,10,0.038395
-91.0,10,0.03961
-154.0,10,0.040817
-73.0,10,0.042035
-118.0,10,0.043241
-83.0,10,0.044453
-164.0,10,0.045652
-145.0,10,0.046872
-171.0,10,0.048075
-90.0,10,0.049274
-208.0,10,0.050482
-159.0,10,0.051688
-97.0,10,0.052899
-64.0,10,0.054094
-70.0,10,0.055288
-204.0,10,0.056482
-111.0,10,0.057684
-86.0,10,0.058956
-79.0,10,0.060158
-66.0,10,0.061362
-119.0,10,0.06257
-144.0,10,0.063784
-152.0,10,0.064987
1.0,10,0.066184
-26.0,10,0.06738
-78.0,10,0.068596
-126.0,10,0.069793
-84.0,10,0.070999
-111.0,10,0.072231
-114.0,10,0.07343
40.0,10,0.074643
-52.0,10,0.075847
-106.0,10,0.07706
-16.0,10,0.078286
-106.0,10,0.079487
-100.0,10,0.080682
-229.0,10,0.081883
-107.0,10,0.08309
-129.0,10,0.084299
-88.0,10,0.085501
-114.0,10,0.0867
-159.0,10,0.087898
-13.0,10,0.0891
-10.0,10,0.090295
-117.0,10,0.091526
-156.0,10,0.092771
-280.0,10,0.093975
-29.0,10,0.095174
-198.0,10,0.096376
-206.0,10,0.097583
-300.0,10,0.098791
-103.0,10,0.100005
-121.0,10,0.101213
-87.0,10,0.102414
-49.0,10,0.103631
-77.0,10,0.104844
-81.0,10,0.106079
-151.0,10,0.107285
-144.0,10,0.108487
-139.0,10,0.109687
-111.0,10,0.110913
-98.0,10,0.112124
-150.0,10,0.113325
-9.0,10,0.114532
-61.0,10,0.115722
-115.0,10,0.116923
-69.0,10,0.118132
-203.0,10,0.119338
-136.0,10,0.120544
-99.0,10,0.121751
-91.0,10,0.122958
-108.0,10,0.124156
-127.0,10,0.125372
-96.0,10,0.126638
-149.0,10,0.127846
-93.0,10,0.129057
-92.0,10,0.130253
-212.0,10,0.131469
-125.0,10,0.132686
-73.0,10,0.13389
-104.0,10,0.135096
-141.0,10,0.136294
-157.0,10,0.137494
-85.0,10,0.13869
-181.0,10,0.139892
-183.0,10,0.141088
-124.0,10,0.142297
-216.0,10,0.143504
-148.0,10,0.144704
-127.0,10,0.145966
-146.0,10,0.14717
-63.0,10,0.148362
-209.0,10,0.149583
-41.0,10,0.150778
-58.0,10,0.151978
-179.0,10,0.153176
-259.0,10,0.15439
-139.0,10,0.155602
-63.0,10,0.156805
-166.0,10,0.15802
10.0,10,0.159242
-38.0,10,0.160441
-37.0,10,0.161654
13.0,10,0.162862
-69.0,10,0.164069
-228.0,10,0.165294
-105.0,10,0.166507
-111.0,10,0.167716
-80.0,10,0.168916
-35.0,10,0.170117
-23.0,10,0.17132
-198.0,10,0.172519
-270.0,10,0.173712
-84.0,10,0.174913
-213.0,10,0.176122
22.0,10,0.177336
-142.0,10,0.178541
-102.0,10,0.179743
-150.0,10,0.180948
-197.0,10,0.182147
-59.0,10,0.183348
-54.0,10,0.184548
-177.0,10,0.185767
-151.0,10,0.186989
-141.0,10,0.188185
-122.0,10,0.189397
-151.0,10,0.190594
-79.0,10,0.191837
-73.0,10,0.193075
-318.0,10,0.19429
-67.0,10,0.195488
-14.0,10,0.196712
-87.0,10,0.197913
-76.0,10,0.199119
-174.0,10,0.200327
-104.0,10,0.201523
-64.0,10,0.202732
-86.0,10,0.203944
-99.0,10,0.205139
-9.0,10,0.206351
-138.0,10,0.207555
-46.0,10,0.208764
-77.0,10,0.209998
-206.0,10,0.211192
-120.0,10,0.212404
-114.0,10,0.213604
-86.0,10,0.2148
-183.0,10,0.216002
-276.0,10,0.21722
-159.0,10,0.218433
-71.0,10,0.21964
-111.0,10,0.220835
-6.0,10,0.222046
-139.0,10,0.223247
-7.0,10,0.224482
-230.0,10,0.225731
-89.0,10,0.226928
-75.0,10,0.228134
-149.0,10,0.229343
-99.0,10,0.23054
-158.0,10,0.231742
-101.0,10,0.232948
-132.0,10,0.23415
-208.0,10,0.235367
-79.0,10,0.236564
-93.0,10,0.237758
-53.0,10,0.238976
-99.0,10,0.240177
-153.0,10,0.241385
-94.0,10,0.242597
57.0,10,0.243805
-99.0,10,0.245024
-56.0,10,0.246222
-102.0,10,0.247436
-78.0,10,0.248633
-26.0,10,0.513985
-98.0,10,0.515351
37.0,10,0.516637
-102.0,10,0.517896
-126.0,10,0.519176
27.0,10,0.520445
-144.0,10,0.521771
-169.0,10,0.523073
-145.0,10,0.524331
-3.0,10,0.525585
-6.0,10,0.526808
-219.0,10,0.528059
-206.0,10,0.529297
-90.0,10,0.53063
-64.0,10,0.531922
-82.0,10,0.533161
-164.0,10,0.534413
-29.0,10,0.535648
-96.0,10,0.536886
-54.0,10,0.538201
-210.0,10,0.539466
-91.0,10,0.540708
-178.0,10,0.541946
-116.0,10,0.543177
-178.0,10,0.544434
-154.0,10,0.545673
-18.0,10,0.546977
-207.0,10,0.54827
-226.0,10,0.549507
-154.0,10,0.550752
26.0,10,0.551981
-143.0,10,0.553218
-126.0,10,0.554516
14.0,10,0.555782
-85.0,10,0.55703
-136.0,10,0.558265
-103.0,10,0.559492
-205.0,10,0.560732
-228.0,10,0.561966
-62.0,10,0.563282
-146.0,10,0.564576
-169.0,10,0.56581
-115.0,10,0.567044
-120.0,10,0.568277
-164.0,10,0.569518
-134.0,10,0.570763
-179.0,10,0.572075
-201.0,10,0.573329
-66.0,10,0.57457
-87.0,10,0.575803
-136.0,10,0.577036
-98.0,10,0.578274
-78.0,10,0.579563
-46.0,10,0.58085
-239.0,10,0.582084
-269.0,10,0.583322
-83.0,10,0.584555
-39.0,10,0.585794
-131.0,10,0.587001
-161.0,10,0.588206
-121.0,10,0.589407
-2.0,10,0.590613
-144.0,10,0.591815
-111.0,10,0.593014
-119.0,10,0.594211
-153.0,10,0.595412
-130.0,10,0.596678
-36.0,10,0.597995
-58.0,10,0.599509
-83.0,10,0.600858
-150.0,10,0.60215
-37.0,10,0.603417
-111.0,10,0.604667
-32.0,10,0.605892
-2.0,10,0.607132
-144.0,10,0.608415
-44.0,10,0.609721
-151.0,10,0.611011
-98.0,10,0.612348
-109.0,10,0.613594
-64.0,10,0.614849
-79.0,10,0.616054
-100.0,10,0.617262
-56.0,10,0.6185
-176.0,10,0.61971
-41.0,10,0.620918
4.0,10,0.622124
-78.0,10,0.623334
4.0,10,0.624584
-91.0,10,0.625835
-104.0,10,0.627053
-39.0,10,0.628265
-94.0,10,0.629467
-114.0,10,0.630671
-192.0,10,0.631875
42.0,10,0.633086
-79.0,10,0.6343
-97.0,10,0.63551
-71.0,10,0.636716
-111.0,10,0.63793
-65.0,10,0.639163
-67.0,10,0.640369
27.0,10,0.641574
-189.0,10,0.642773
-136.0,10,0.643979
61.0,10,0.645194
-179.0,10,0.646398
-136.0,10,0.647597
25.0,10,0.648799
-162.0,10,0.65001
-115.0,10,0.651237
-47.0,10,0.652449
-51.0,10,0.653655
-94.0,10,0.654857
-92.0,10,0.656069
-75.0,10,0.657269
-86.0,10,0.658504
-186.0,10,0.659736
-107.0,10,0.660944
-60.0,10,0.662153
-102.0,10,0.663357
-74.0,10,0.664563
-111.0,10,0.665763
-74.0,10,0.666984
-61.0,10,0.668183
-137.0,10,0.669378
-220.0,10,0.670578
34.0,10,0.671791
-174.0,10,0.673014
-79.0,10,0.674221
4.0,10,0.675428
-27.0,10,0.676645
-66.0,10,0.677854
-18.0,10,0.679055
-29.0,10,0.680257
-55.0,10,0.681476
-124.0,10,0.682679
-136.0,10,0.683878
-154.0,10,0.685106
-127.0,10,0.686309
-32.0,10,0.687511
2.0,10,0.688724
-166.0,10,0.689928
4.0,10,0.691145
-34.0,10,0.692392
-112.0,10,0.693612
-158.0,10,0.694815
-151.0,10,0.696014
-63.0,10,0.697226
-123.0,10,0.698441
-178.0,10,0.699648
-54.0,10,0.700866
-89.0,10,0.702072
-29.0,10,0.703276
-85.0,10,0.704482
-109.0,10,0.705703
-74.0,10,0.706905
-162.0,10,0.708117
-145.0,10,0.709319
32.0,10,0.710541
2.0,10,0.711759
-224.0,10,0.71297
-87.0,10,0.714176
-138.0,10,0.715371
-103.0,10,0.716578
-122.0,10,0.717793
-19.0,10,0.719031
-208.0,10,0.720253
-36.0,10,0.721461
-206.0,10,0.722667
-203.0,10,0.723877
-200.0,10,0.725114
-48.0,10,0.726337
-129.0,10,0.727533
-106.0,10,0.728727
-120.0,10,0.729955
-183.0,10,0.731159
6.0,10,0.73236
-51.0,10,0.733563
-263.0,10,0.73479
-111.0,10,0.735991
-78.0,10,0.737197
-69.0,10,0.738412
-117.0,10,0.739617
-27.0,10,0.740821
-104.0,10,0.742044
-139.0,10,0.743255
-90.0,10,0.744472
-199.0,10,0.745673
-114.0,10,0.746892
-89.0,10,0.748092
-84.0,10,0.749292
-174.0,10,0.750502
-144.0,10,0.751709
-77.0,10,0.752913
-23.0,10,0.754124
-51.0,10,0.755324
-104.0,10,0.756525
-26.0,10,0.757769
-39.0,10,0.759032
-143.0,10,0.760236
-156.0,10,0.761446
-119.0,10,0.762648
-16.0,10,0.763853
-196.0,10,0.765057
-72.0,10,1.03144
-134.0,10,1.032735
-164.0,10,1.033987
14.0,10,1.035224
-122.0,10,1.036453
-137.0,10,1.037676
-79.0,10,1.03892
-109.0,10,1.040148
-54.0,10,1.041377
-48.0,10,1.042596
-236.0,10,1.043817
-179.0,10,1.045029
14.0,10,1.046251
-63.0,10,1.047475
-115.0,10,1.048689
-102.0,10,1.049902
-108.0,10,1.05113
-142.0,10,1.052351
-127.0,10,1.053566
-83.0,10,1.054794
-116.0,10,1.056013
-68.0,10,1.057229
-106.0,10,1.058493
61.0,10,1.059737
-184.0,10,1.060972
-133.0,10,1.062191
-238.0,10,1.063405
-74.0,10,1.064618
-27.0,10,1.065846
-156.0,10,1.067058
-59.0,10,1.068274
16.0,10,1.069484
-141.0,10,1.070706
-182.0,10,1.071922
-19.0,10,1.073151
66.0,10,1.074368
-74.0,10,1.075581
-43.0,10,1.076805
-64.0,10,1.078019
-146.0,10,1.079229
-171.0,10,1.080463
-91.0,10,1.081679
-117.0,10,1.082885
-54.0,10,1.084099
-106.0,10,1.085303
-33.0,10,1.086515
-109.0,10,1.087724
-126.0,10,1.088936
-158.0,10,1.090145
-107.0,10,1.091359
-200.0,10,1.092622
-158.0,10,1.093837
-104.0,10,1.095045
-29.0,10,1.096261
-48.0,10,1.097467
-91.0,10,1.098674
-122.0,10,1.099884
-37.0,10,1.101093
-46.0,10,1.102309
-111.0,10,1.103513
-101.0,10,1.10472
-73.0,10,1.105925
-115.0,10,1.107129
-26.0,10,1.108335
-93.0,10,1.109545
-61.0,10,1.110763
-34.0,10,1.111972
-91.0,10,1.113181
-186.0,10,1.114394
-71.0,10,1.115601
-61.0,10,1.116809
-172.0,10,1.118019
-105.0,10,1.119235
-31.0,10,1.120469
-116.0,10,1.121689
-128.0,10,1.122898
-74.0,10,1.12411
-205.0,10,1.125335
-67.0,10,1.126582
-72.0,10,1.127789
-100.0,10,1.128999
-109.0,10,1.130215
-114.0,10,1.131421
-126.0,10,1.132621
-103.0,10,1.13384
-73.0,10,1.135059
-144.0,10,1.136277
-139.0,10,1.137496
-125.0,10,1.138722
-101.0,10,1.139934
-112.0,10,1.141145
-119.0,10,1.142362
-140.0,10,1.143589
-177.0,10,1.144798
-60.0,10,1.146012
1.0,10,1.147223
-108.0,10,1.148425
-61.0,10,1.149633
-106.0,10,1.150852
-116.0,10,1.15206
-119.0,10,1.153266
-31.0,10,1.15447
-120.0,10,1.155671
-97.0,10,1.156879
46.0,10,1.158108
-75.0,10,1.159352
-91.0,10,1.16056
-136.0,10,1.161778
-16.0,10,1.162979
-182.0,10,1.164188
14.0,10,1.165393
-32.0,10,1.166603
-130.0,10,1.167817
-197.0,10,1.169044
-39.0,10,1.170257
40.0,10,1.17147
-118.0,10,1.172697
-183.0,10,1.173913
-138.0,10,1.175128
-119.0,10,1.176332
-4.0,10,1.177535
-123.0,10,1.17874
33.0,10,1.179949
-105.0,10,1.181174
2.0,10,1.182377
-74.0,10,1.183583
-239.0,10,1.184808
-248.0,10,1.18604
-86.0,10,1.187247
-77.0,10,1.188453
-189.0,10,1.189677
-84.0,10,1.190878
-59.0,10,1.192137
-148.0,10,1.193371
-168.0,10,1.194582
-44.0,10,1.19579
-176.0,10,1.196996
-274.0,10,1.198201
-100.0,10,1.199425
-200.0,10,1.200643
-211.0,10,1.201859
-39.0,10,1.203061
-26.0,10,1.204265
-76.0,10,1.205491
-96.0,10,1.206702
-38.0,10,1.207909
-169.0,10,1.209117
-211.0,10,1.210324
-167.0,10,1.211542
-46.0,10,1.212759
-161.0,10,1.213981
-104.0,10,1.215198
-81.0,10,1.216421
-175.0,10,1.217626
-94.0,10,1.218829
-233.0,10,1.220035
-63.0,10,1.221257
-115.0,10,1.222455
-172.0,10,1.223657
-58.0,10,1.224891
-149.0,10,1.226139
0.0,10,1.227345
-149.0,10,1.228552
-77.0,10,1.229753
-80.0,10,1.230962
-56.0,10,1.232163
-13.0,10,1.233384
-73.0,10,1.234591
-42.0,10,1.2358
-88.0,10,1.237027
-73.0,10,1.23823
-152.0,10,1.239429
-79.0,10,1.240637
-49.0,10,1.241841
-125.0,10,1.243063
-91.0,10,1.244279
-82.0,10,1.245493
4.0,10,1.246701
71.0,10,1.247906
-128.0,10,1.249113
-77.0,10,1.25037
-103.0,10,1.251584
-79.0,10,1.252786
-223.0,10,1.254016
-79.0,10,1.255243
-42.0,10,1.256446
3.0,10,1.257649
-13.0,10,1.25891
-104.0,10,1.260107
59.0,10,1.261323
0.0,10,1.262529
-288.0,10,1.263733
-213.0,10,1.264934
-154.0,10,1.266147
-156.0,10,1.267367
-221.0,10,1.268577
-129.0,10,1.269795
7.0,10,1.271036
-139.0,10,1.272242
-74.0,10,1.273456
-74.0,10,1.274672
-81.0,10,1.275886
-161.0,10,1.27709
-154.0,10,1.278303
-63.0,10,1.279513
-2.0,10,1.54291
-161.0,10,1.544186
-82.0,10,1.545427
-28.0,10,1.546653
-60.0,10,1.547878
-102.0,10,1.549103
-77.0,10,1.550326
-81.0,10,1.551533
22.0,10,1.552751
16.0,10,1.553973
-148.0,10,1.555186
-21.0,10,1.556401
-26.0,10,1.557609
-164.0,10,1.558842
-116.0,10,1.560048
-44.0,10,1.56126
-121.0,10,1.562482
-24.0,10,1.563691
-29.0,10,1.5649
-121.0,10,1.5661
-188.0,10,1.567311
-141.0,10,1.568515
-153.0,10,1.569726
24.0,10,1.570925
-112.0,10,1.572151
-145.0,10,1.573355
-84.0,10,1.574598
-48.0,10,1.575801
-64.0,10,1.577002
1.0,10,1.578201
-122.0,10,1.579408
-166.0,10,1.58061
-170.0,10,1.581811
-131.0,10,1.583023
-115.0,10,1.584233
-159.0,10,1.585442
-127.0,10,1.586651
78.0,10,1.587861
-14.0,10,1.589067
-134.0,10,1.590273
-101.0,10,1.591479
-44.0,10,1.592711
-141.0,10,1.593919
-109.0,10,1.595138
-133.0,10,1.596344
-61.0,10,1.597549
-109.0,10,1.598756
-76.0,10,1.599955
-186.0,10,1.601166
-66.0,10,1.602371
-124.0,10,1.603578
-1.0,10,1.604794
-71.0,10,1.606024
-65.0,10,1.607234
-126.0,10,1.608437
-151.0,10,1.609642
-44.0,10,1.61085
-166.0,10,1.612065
-11.0,10,1.613266
17.0,10,1.614467
-30.0,10,1.615672
-149.0,10,1.616872
-71.0,10,1.618073
-38.0,10,1.619268
-58.0,10,1.620468
-98.0,10,1.621671
-143.0,10,1.622874
58.0,10,1.624078
-12.0,10,1.625327
37.0,10,1.626563
-121.0,10,1.627762
-101.0,10,1.628958
-134.0,10,1.63016
-106.0,10,1.631365
-34.0,10,1.632581
-7.0,10,1.63379
-201.0,10,1.634991
-109.0,10,1.636212
-69.0,10,1.63741
-103.0,10,1.638608
-143.0,10,1.639851
-136.0,10,1.641056
-91.0,10,1.642264
-19.0,10,1.643468
-61.0,10,1.644666
-84.0,10,1.645867
-89.0,10,1.647073
95.0,10,1.648277
-81.0,10,1.649482
-63.0,10,1.650696
-105.0,10,1.651898
-89.0,10,1.653097
-1.0,10,1.654299
-61.0,10,1.65552
-26.0,10,1.656722
-146.0,10,1.657959
-45.0,10,1.6592
-59.0,10,1.660413
-114.0,10,1.661613
-69.0,10,1.66284
-77.0,10,1.664046
-56.0,10,1.665255
-194.0,10,1.666456
-11.0,10,1.667657
-159.0,10,1.668872
-64.0,10,1.670105
-156.0,10,1.671297
-78.0,10,1.67252
-7.0,10,1.673738
78.0,10,1.674939
-112.0,10,1.676142
-107.0,10,1.67734
31.0,10,1.678546
-168.0,10,1.679763
-81.0,10,1.680962
-1.0,10,1.682165
-31.0,10,1.683364
-137.0,10,1.684564
-82.0,10,1.685777
-29.0,10,1.686974
-49.0,10,1.688174
-6.0,10,1.689376
-39.0,10,1.690573
-42.0,10,1.691828
-55.0,10,1.693069
-47.0,10,1.694275
-71.0,10,1.695478
-120.0,10,1.696689
-84.0,10,1.697888
-78.0,10,1.69909
57.0,10,1.700312
-84.0,10,1.701516
-126.0,10,1.702718
-105.0,10,1.703927
-124.0,10,1.705161
-131.0,10,1.706377
-164.0,10,1.707603
-53.0,10,1.708804
-41.0,10,1.710004
-29.0,10,1.711219
-46.0,10,1.712421
-21.0,10,1.713639
-20.0,10,1.714843
-67.0,10,1.716037
-61.0,10,1.717245
-134.0,10,1.718448
-164.0,10,1.71966
-42.0,10,1.720861
-41.0,10,1.722065
-158.0,10,1.723261
-251.0,10,1.724464
-153.0,10,1.725711
4.0,10,1.72691
-92.0,10,1.728109
-39.0,10,1.72931
-157.0,10,1.730507
-38.0,10,1.731722
-92.0,10,1.732924
-7.0,10,1.734127
-14.0,10,1.735325
-7.0,10,1.736528
-114.0,10,1.737729
-161.0,10,1.738955
4.0,10,1.740167
-3.0,10,1.741373
33.0,10,1.742589
-83.0,10,1.74379
-154.0,10,1.745002
-58.0,10,1.746209
-71.0,10,1.747412
-89.0,10,1.748612
-116.0,10,1.749812
-90.0,10,1.751014
-124.0,10,1.752228
-118.0,10,1.753439
-26.0,10,1.754634
-129.0,10,1.755832
-116.0,10,1.757034
-61.0,10,1.758253
-124.0,10,1.759489
-22.0,10,1.76069
-36.0,10,1.761888
-9.0,10,1.7631
-155.0,10,1.764297
-76.0,10,1.7655
-17.0,10,1.766696
-20.0,10,1.767897
-39.0,10,1.769088
-223.0,10,1.770317
33.0,10,1.771514
-3.0,10,1.772709
-25.0,10,1.773911
-31.0,10,1.775115
-107.0,10,1.776313
-125.0,10,1.777512
-51.0,10,1.778713
-2.0,10,1.779908
-84.0,10,1.781106
-196.0,10,1.78231
-91.0,10,1.783509
26.0,10,1.784709
-93.0,10,1.785908
-31.0,10,1.787104
-81.0,10,1.788304
-63.0,10,1.789504
-46.0,10,2.053249
-243.0,10,2.054506
-22.0,10,2.055749
75.0,10,2.056966
-147.0,10,2.058211
-74.0,10,2.059468
-94.0,10,2.060683
-84.0,10,2.061899
-152.0,10,2.063117
-56.0,10,2.064329
-149.0,10,2.06554
-149.0,10,2.066761
4.0,10,2.067998
30.0,10,2.069232
-154.0,10,2.070464
70.0,10,2.071668
-92.0,10,2.072894
-94.0,10,2.074104
-111.0,10,2.075303
-136.0,10,2.076524
-65.0,10,2.077732
-58.0,10,2.078961
-175.0,10,2.080166
-94.0,10,2.081368
-46.0,10,2.082589
-107.0,10,2.08381
-33.0,10,2.085031
-54.0,10,2.086231
-109.0,10,2.08745
-101.0,10,2.088664
-50.0,10,2.089871
-4.0,10,2.091115
-103.0,10,2.092332
-141.0,10,2.093534
-129.0,10,2.094738
-129.0,10,2.095943
-77.0,10,2.097146
-158.0,10,2.098352
-50.0,10,2.099554
-119.0,10,2.100759
-151.0,10,2.101966
-1.0,10,2.103188
-21.0,10,2.104395
-108.0,10,2.105612
-11.0,10,2.106813
49.0,10,2.108013
41.0,10,2.109227
-56.0,10,2.110441
-32.0,10,2.111655
-59.0,10,2.112862
-54.0,10,2.114068
-84.0,10,2.115265
-8.0,10,2.116467
3.0,10,2.117661
-199.0,10,2.118881
-26.0,10,2.120085
-164.0,10,2.1213
-13.0,10,2.12251
-132.0,10,2.12371
-96.0,10,2.124952
-11.0,10,2.126187
-56.0,10,2.127391
-9.0,10,2.128599
-28.0,10,2.1298
-152.0,10,2.131003
-52.0,10,2.132202
-114.0,10,2.133435
-59.0,10,2.134637
-189.0,10,2.135835
-91.0,10,2.137041
-169.0,10,2.138235
-173.0,10,2.139464
-167.0,10,2.140666
-34.0,10,2.141876
-91.0,10,2.143085
-179.0,10,2.144291
4.0,10,2.145499
-169.0,10,2.146702
27.0,10,2.147901
-106.0,10,2.149095
-86.0,10,2.150298
-91.0,10,2.151497
-118.0,10,2.152721
-77.0,10,2.153941
-24.0,10,2.155135
-47.0,10,2.156331
-129.0,10,2.157532
-106.0,10,2.158749
-146.0,10,2.159983
-137.0,10,2.16118
23.0,10,2.16239
-77.0,10,2.163581
-142.0,10,2.164772
-262.0,10,2.165982
-128.0,10,2.167181
-31.0,10,2.168377
-106.0,10,2.169576
-16.0,10,2.170768
-97.0,10,2.171964
-47.0,10,2.173189
-54.0,10,2.174389
-59.0,10,2.175594
-93.0,10,2.17679
-101.0,10,2.177995
-110.0,10,2.179193
-89.0,10,2.180392
-100.0,10,2.181595
-161.0,10,2.1828
-131.0,10,2.184001
-121.0,10,2.185212
-57.0,10,2.186419
-106.0,10,2.187615
-13.0,10,2.188822
-103.0,10,2.190024
-88.0,10,2.19125
-116.0,10,2.192485
-13.0,10,2.193705
-47.0,10,2.194927
-174.0,10,2.196119
-49.0,10,2.197327
-64.0,10,2.19852
-169.0,10,2.199719
-96.0,10,2.200931
-116.0,10,2.202139
-11.0,10,2.203341
22.0,10,2.204554
-6.0,10,2.20575
-164.0,10,2.206945
-101.0,10,2.208143
-121.0,10,2.209332
-84.0,10,2.210541
-86.0,10,2.211733
-124.0,10,2.212934
-164.0,10,2.214137
-93.0,10,2.215334
-17.0,10,2.216534
-74.0,10,2.217738
-93.0,10,2.21893
-107.0,10,2.220128
-62.0,10,2.221326
-31.0,10,2.22252
-92.0,10,2.223714
-60.0,10,2.224962
29.0,10,2.226189
-114.0,10,2.227426
-28.0,10,2.228627
21.0,10,2.229828
-96.0,10,2.231039
-41.0,10,2.232241
-179.0,10,2.233439
-99.0,10,2.234637
-14.0,10,2.235835
-27.0,10,2.237031
-108.0,10,2.238234
-49.0,10,2.239435
34.0,10,2.24064
-224.0,10,2.241834
-16.0,10,2.243042
-154.0,10,2.244235
-91.0,10,2.24545
-49.0,10,2.246725
-88.0,10,2.247998
-18.0,10,2.249256
-135.0,10,2.250462
-79.0,10,2.251674
-97.0,10,2.252878
86.0,10,2.254094
-16.0,10,2.255316
-135.0,10,2.256531
-58.0,10,2.257733
-104.0,10,2.258973
-54.0,10,2.260217
-160.0,10,2.261422
5.0,10,2.262641
-91.0,10,2.263848
-182.0,10,2.265071
-96.0,10,2.26627
-108.0,10,2.267474
-24.0,10,2.268666
-80.0,10,2.26986
-24.0,10,2.271059
-95.0,10,2.272286
-11.0,10,2.273499
-104.0,10,2.274696
-24.0,10,2.275897
-106.0,10,2.277109
-63.0,10,2.278315
-91.0,10,2.279517
63.0,10,2.28071
-104.0,10,2.281914
-6.0,10,2.283119
-47.0,10,2.284307
20.0,10,2.285503
-154.0,10,2.286699
-72.0,10,2.287898
-2.0,10,2.289112
-189.0,10,2.290303
-101.0,10,2.291552
-134.0,10,2.29279
-42.0,10,2.29399
14.0,10,2.295187
-14.0,10,2.296383
-14.0,10,2.297584
-81.0,10,2.298787
-91.0,10,2.299984
21.0,10,2.564422
-105.0,10,2.565673
-81.0,10,2.5669
-27.0,10,2.568132
-108.0,10,2.569367
-116.0,10,2.57059
-12.0,10,2.571813
-117.0,10,2.573068
-93.0,10,2.574288
-68.0,10,2.575517
-27.0,10,2.57674
-150.0,10,2.577958
-14.0,10,2.579171
-61.0,10,2.580395
-51.0,10,2.58161
-16.0,10,2.582825
29.0,10,2.584042
-36.0,10,2.585254
-118.0,10,2.586459
-137.0,10,2.587667
-9.0,10,2.588879
-133.0,10,2.590113
24.0,10,2.591355
11.0,10,2.5926
-84.0,10,2.593821
-76.0,10,2.595047
-59.0,10,2.596267
-123.0,10,2.597493
-11.0,10,2.598714
-131.0,10,2.599925
19.0,10,2.601131
-99.0,10,2.602354
1.0,10,2.603588
-46.0,10,2.604794
17.0,10,2.60602
16.0,10,2.607232
-123.0,10,2.608443
-81.0,10,2.609656
-172.0,10,2.610871
3.0,10,2.61208
-24.0,10,2.613305
-107.0,10,2.614512
-8.0,10,2.61572
-68.0,10,2.616928
-3.0,10,2.618164
-14.0,10,2.61937
-44.0,10,2.620575
-61.0,10,2.621788
8.0,10,2.622999
-60.0,10,2.624202
19.0,10,2.625447
-22.0,10,2.626655
-72.0,10,2.627858
-82.0,10,2.629053
-96.0,10,2.630267
-69.0,10,2.631475
-73.0,10,2.632689
-150.0,10,2.633897
-117.0,10,2.635108
-79.0,10,2.636316
-135.0,10,2.637534
-147.0,10,2.638767
-54.0,10,2.639978
-64.0,10,2.641184
-46.0,10,2.642396
71.0,10,2.643602
-64.0,10,2.64481
16.0,10,2.646015
-66.0,10,2.647215
13.0,10,2.648433
-72.0,10,2.649642
-176.0,10,2.650841
-64.0,10,2.652042
-11.0,10,2.653259
-32.0,10,2.654464
11.0,10,2.655666
-164.0,10,2.656875
-59.0,10,2.658076
-98.0,10,2.659276
2.0,10,2.66048
-107.0,10,2.661689
-32.0,10,2.662893
-117.0,10,2.664101
-91.0,10,2.665309
-215.0,10,2.666522
-77.0,10,2.667726
22.0,10,2.668924
-91.0,10,2.670137
-131.0,10,2.67135
61.0,10,2.672559
-24.0,10,2.673788
-57.0,10,2.674997
-36.0,10,2.676216
-114.0,10,2.677416
-39.0,10,2.678625
-46.0,10,2.679837
-9.0,10,2.681035
-101.0,10,2.682239
-33.0,10,2.68344
89.0,10,2.684644
-105.0,10,2.68586
-89.0,10,2.687053
-70.0,10,2.688284
-19.0,10,2.6895
-113.0,10,2.6907
-64.0,10,2.691899
-98.0,10,2.693105
-94.0,10,2.694312
-104.0,10,2.695524
-67.0,10,2.696738
-90.0,10,2.697942
-75.0,10,2.699145
-79.0,10,2.700351
-121.0,10,2.701549
-29.0,10,2.702748
-51.0,10,2.703952
-52.0,10,2.70515
-67.0,10,2.706348
-102.0,10,2.707554
-29.0,10,2.708774
9.0,10,2.70998
-11.0,10,2.711186
-57.0,10,2.712385
-95.0,10,2.713588
-89.0,10,2.714796
-51.0,10,2.715996
-19.0,10,2.717203
-94.0,10,2.718415
-37.0,10,2.719615
-77.0,10,2.720824
-57.0,10,2.722031
-6.0,10,2.723237
-85.0,10,2.724439
-207.0,10,2.725696
-74.0,10,2.726895
-51.0,10,2.728103
-78.0,10,2.729306
-138.0,10,2.730511
-64.0,10,2.731714
-48.0,10,2.732916
-63.0,10,2.734117
-49.0,10,2.735335
-52.0,10,2.73655
44.0,10,2.737762
70.0,10,2.738971
-121.0,10,2.740181
-146.0,10,2.741389
-84.0,10,2.742591
-152.0,10,2.743806
-74.0,10,2.745021
-111.0,10,2.746234
-84.0,10,2.747437
-191.0,10,2.748645
-64.0,10,2.74986
-35.0,10,2.751064
-33.0,10,2.752268
-85.0,10,2.753474
-63.0,10,2.754675
-17.0,10,2.755871
-79.0,10,2.757073
-76.0,10,2.758308
-13.0,10,2.759544
-31.0,10,2.760752
-52.0,10,2.76197
-163.0,10,2.763182
-128.0,10,2.764389
-107.0,10,2.765601
-51.0,10,2.766813
-171.0,10,2.768023
-25.0,10,2.769224
-49.0,10,2.770433
-44.0,10,2.771636
-158.0,10,2.772861
-16.0,10,2.77408
-40.0,10,2.775282
-31.0,10,2.776484
-36.0,10,2.777689
-39.0,10,2.778902
-135.0,10,2.780118
-24.0,10,2.781324
21.0,10,2.782539
8.0,10,2.783759
7.0,10,2.784966
-64.0,10,2.786168
-42.0,10,2.787373
-93.0,10,2.788581
-87.0,10,2.789785
21.0,10,2.79099
-32.0,10,2.792226
75.0,10,2.793506
-108.0,10,2.794714
-124.0,10,2.795916
1.0,10,2.797135
31.0,10,2.798339
19.0,10,2.799549
42.0,10,2.800755
-36.0,10,2.801969
49.0,10,2.803181
56.0,10,2.804394
16.0,10,2.805624
-42.0,10,2.806821
4.0,10,2.808029
6.0,10,2.809244
-56.0,10,2.810456
34.0,10,3.074402
-44.0,10,3.075711
29.0,10,3.076957
-111.0,10,3.078185
-24.0,10,3.07942
-102.0,10,3.080641
-116.0,10,3.081862
-6.0,10,3.083079
-120.0,10,3.084298
24.0,10,3.085512
17.0,10,3.086725
-64.0,10,3.087935
-25.0,10,3.089141
-151.0,10,3.090347
-83.0,10,3.091619
-82.0,10,3.092862
9.0,10,3.094085
-86.0,10,3.095292
-69.0,10,3.096491
42.0,10,3.097697
-2.0,10,3.098906
26.0,10,3.10011
14.0,10,3.101322
37.0,10,3.102528
-114.0,10,3.103733
-203.0,10,3.104938
-54.0,10,3.106161
4.0,10,3.107371
-63.0,10,3.108581
-70.0,10,3.109787
-15.0,10,3.110993
-117.0,10,3.112195
-192.0,10,3.1134
-88.0,10,3.114608
-98.0,10,3.115808
-54.0,10,3.117007
-164.0,10,3.118205
31.0,10,3.119427
-131.0,10,3.120634
-184.0,10,3.121836
3.0,10,3.123057
-40.0,10,3.124279
-140.0,10,3.12553
-98.0,10,3.126751
44.0,10,3.127952
-51.0,10,3.129148
-70.0,10,3.130346
-66.0,10,3.131546
-107.0,10,3.132747
-21.0,10,3.13395
-24.0,10,3.135161
-4.0,10,3.136386
-67.0,10,3.137585
51.0,10,3.138805
-26.0,10,3.140015
-76.0,10,3.141217
64.0,10,3.142429
-47.0,10,3.143653
-56.0,10,3.14486
-84.0,10,3.146057
19.0,10,3.147263
5.0,10,3.148466
-81.0,10,3.149681
11.0,10,3.150882
-96.0,10,3.15208
6.0,10,3.153283
-38.0,10,3.154489
26.0,10,3.1557
-108.0,10,3.156901
-28.0,10,3.158111
-8.0,10,3.159306
-129.0,10,3.160501
-31.0,10,3.161712
-89.0,10,3.162908
-119.0,10,3.164114
-59.0,10,3.165317
-105.0,10,3.166519
-47.0,10,3.167722
-66.0,10,3.16894
-118.0,10,3.170141
-22.0,10,3.171347
-18.0,10,3.172573
-21.0,10,3.173771
-16.0,10,3.174986
-24.0,10,3.176192
-31.0,10,3.177403
-54.0,10,3.178616
-65.0,10,3.179817
9.0,10,3.181018
-92.0,10,3.182227
-103.0,10,3.183438
39.0,10,3.184644
-50.0,10,3.185857
-8.0,10,3.18706
13.0,10,3.188261
32.0,10,3.189466
-50.0,10,3.190672
-18.0,10,3.191909
4.0,10,3.193138
19.0,10,3.194345
-101.0,10,3.195555
-44.0,10,3.196773
2.0,10,3.197991
0.0,10,3.199189
-7.0,10,3.200394
-23.0,10,3.201606
-64.0,10,3.202804
-31.0,10,3.204005
-20.0,10,3.205215
-48.0,10,3.206431
-65.0,10,3.207628
-72.0,10,3.20883
-129.0,10,3.210025
-62.0,10,3.211222
-114.0,10,3.212414
-140.0,10,3.213614
11.0,10,3.214816
-80.0,10,3.216015
-68.0,10,3.217214
37.0,10,3.218413
-56.0,10,3.219618
-181.0,10,3.220825
-106.0,10,3.222034
-111.0,10,3.223239
-32.0,10,3.22445
-9.0,10,3.225723
-98.0,10,3.226925
-38.0,10,3.228153
-56.0,10,3.229375
-111.0,10,3.230583
-35.0,10,3.231787
-56.0,10,3.233008
-85.0,10,3.234215
-71.0,10,3.235419
-131.0,10,3.236613
-118.0,10,3.237818
65.0,10,3.23903
44.0,10,3.24025
56.0,10,3.241454
-128.0,10,3.242676
-172.0,10,3.243874
-64.0,10,3.245074
-114.0,10,3.246291
-209.0,10,3.247501
-147.0,10,3.248701
-91.0,10,3.249918
-56.0,10,3.25112
-85.0,10,3.252332
-118.0,10,3.253525
-59.0,10,3.254741
-74.0,10,3.25594
-106.0,10,3.257139
21.0,10,3.258336
-72.0,10,3.25954
3.0,10,3.260745
-120.0,10,3.261944
-123.0,10,3.263152
-106.0,10,3.264355
-12.0,10,3.265548
-56.0,10,3.266757
-103.0,10,3.267964
-124.0,10,3.269176
-49.0,10,3.270388
-17.0,10,3.271624
-17.0,10,3.272839
-71.0,10,3.274044
-112.0,10,3.275241
0.0,10,3.276459
-41.0,10,3.277675
-104.0,10,3.27887
-89.0,10,3.280085
-83.0,10,3.281284
-98.0,10,3.28248
26.0,10,3.283682
-52.0,10,3.284885
-4.0,10,3.286083
-56.0,10,3.287296
29.0,10,3.288501
-94.0,10,3.289693
33.0,10,3.290887
-114.0,10,3.29212
19.0,10,3.293325
-80.0,10,3.294541
103.0,10,3.29574
49.0,10,3.296936
-179.0,10,3.298129
-64.0,10,3.299326
-164.0,10,3.300519
-135.0,10,3.301714
-74.0,10,3.302912
-106.0,10,3.304146
-9.0,10,3.305348
28.0,10,3.306566
14.0,10,3.307764
-67.0,10,3.308965
-109.0,10,3.310168
-50.0,10,3.311374
-49.0,10,3.312581
-14.0,10,3.313781
32.0,10,3.314993
-54.0,10,3.316193
-84.0,10,3.317394
-117.0,10,3.318594
-175.0,10,3.319795
-52.0,10,3.321006
-101.0,10,3.598771
-89.0,10,3.600093
-61.0,10,3.601356
-9.0,10,3.602587
-14.0,10,3.603839
-15.0,10,3.605083
-74.0,10,3.606327
-114.0,10,3.607703
-92.0,10,3.608988
77.0,10,3.610227
-82.0,10,3.611494
-69.0,10,3.612719
-49.0,10,3.613958
-185.0,10,3.615261
-29.0,10,3.6165
7.0,10,3.617717
-36.0,10,3.61894
-56.0,10,3.620162
44.0,10,3.621374
0.0,10,3.622631
-88.0,10,3.623865
-26.0,10,3.62513
-118.0,10,3.626373
24.0,10,3.627606
-14.0,10,3.628844
-47.0,10,3.630126
-76.0,10,3.631384
-138.0,10,3.632622
-4.0,10,3.633845
-101.0,10,3.635079
-39.0,10,3.636291
-54.0,10,3.637518
-31.0,10,3.638751
-131.0,10,3.639951
-86.0,10,3.641156
-57.0,10,3.642398
-43.0,10,3.643604
-70.0,10,3.644808
-98.0,10,3.646017
47.0,10,3.64725
-109.0,10,3.648705
75.0,10,3.649992
-109.0,10,3.65126
37.0,10,3.652493
-21.0,10,3.653744
-62.0,10,3.654999
-92.0,10,3.656269
72.0,10,3.65751
-18.0,10,3.658835
-72.0,10,3.660084
-6.0,10,3.661343
-38.0,10,3.662561
-71.0,10,3.663796
-26.0,10,3.665058
-11.0,10,3.666396
37.0,10,3.667743
-104.0,10,3.669108
-7.0,10,3.670335
20.0,10,3.671622
-39.0,10,3.672863
-106.0,10,3.674155
37.0,10,3.675367
44.0,10,3.676574
-31.0,10,3.677791
-216.0,10,3.679059
-46.0,10,3.6803
-140.0,10,3.681588
-1.0,10,3.682803
-44.0,10,3.684012
-9.0,10,3.685225
-52.0,10,3.686457
11.0,10,3.687668
-164.0,10,3.688925
-28.0,10,3.690141
-109.0,10,3.6914
-62.0,10,3.692661
1.0,10,3.693869
47.0,10,3.695085
-154.0,10,3.696323
-72.0,10,3.69754
-81.0,10,3.698774
28.0,10,3.699998
-24.0,10,3.701212
-84.0,10,3.702425
-49.0,10,3.703644
-79.0,10,3.704893
-90.0,10,3.706127
-128.0,10,3.707333
-86.0,10,3.708549
38.0,10,3.709767
-56.0,10,3.71098
12.0,10,3.712185
42.0,10,3.713388
-96.0,10,3.714592
-101.0,10,3.715805
-89.0,10,3.717006
-202.0,10,3.718224
29.0,10,3.719442
59.0,10,3.720649
-39.0,10,3.721847
82.0,10,3.723043
-126.0,10,3.724248
-111.0,10,3.725483
-64.0,10,3.72669
-42.0,10,3.727924
-101.0,10,3.729134
-208.0,10,3.730355
-9.0,10,3.731561
-64.0,10,3.732777
34.0,10,3.734012
-39.0,10,3.735213
26.0,10,3.736416
-49.0,10,3.737616
-104.0,10,3.738827
-46.0,10,3.740045
-26.0,10,3.741265
-1.0,10,3.742473
-66.0,10,3.743678
14.0,10,3.744879
-107.0,10,3.746094
-43.0,10,3.7473
-161.0,10,3.748502
-106.0,10,3.749708
-97.0,10,3.750914
19.0,10,3.752123
-102.0,10,3.753323
-34.0,10,3.75453
-26.0,10,3.755732
33.0,10,3.756941
-139.0,10,3.758163
-198.0,10,3.759426
-60.0,10,3.760641
-76.0,10,3.761856
11.0,10,3.763069
2.0,10,3.764274
29.0,10,3.765481
61.0,10,3.766684
-63.0,10,3.767894
27.0,10,3.769102
-44.0,10,3.770311
-64.0,10,3.771518
-113.0,10,3.772718
-152.0,10,3.77392
-74.0,10,3.775134
2.0,10,3.776337
-68.0,10,3.777535
91.0,10,3.77874
-79.0,10,3.779948
45.0,10,3.781146
-73.0,10,3.782341
-58.0,10,3.783549
-89.0,10,3.78476
-68.0,10,3.785976
-62.0,10,3.787182
-87.0,10,3.788387
-49.0,10,3.789587
-24.0,10,3.79078
-106.0,10,3.791982
-79.0,10,3.793195
-98.0,10,3.794402
-29.0,10,3.795606
-52.0,10,3.796805
-26.0,10,3.798009
-11.0,10,3.799208
-53.0,10,3.800428
-1.0,10,3.801643
-5.0,10,3.802903
-155.0,10,3.804108
-17.0,10,3.805321
-86.0,10,3.806544
-13.0,10,3.807751
-17.0,10,3.808961
-107.0,10,3.810174
-8.0,10,3.811373
14.0,10,3.812581
-32.0,10,3.813805
-181.0,10,3.815016
-33.0,10,3.816221
-39.0,10,3.81743
-148.0,10,3.818647
-86.0,10,3.819848
-129.0,10,3.821058
14.0,10,3.82226
19.0,10,3.823464
-35.0,10,3.824679
-30.0,10,3.825922
7.0,10,3.827127
-38.0,10,3.828353
-30.0,10,3.829548
-10.0,10,3.830749
-143.0,10,3.831954
-82.0,10,3.833153
3.0,10,3.834356
-3.0,10,3.835566
20.0,10,3.836776
19.0,10,3.837992
8.0,10,3.839204
-54.0,10,3.840415
-1.0,10,3.841618
36.0,10,3.842819
-25.0,10,3.844023
-6.0,10,3.845227
-30.0,10,3.846425
-9.0,10,3.84762
-25.0,10,3.848828
-2.0,10,4.115404
-178.0,10,4.116669
91.0,10,4.117912
-33.0,10,4.119181
40.0,10,4.120447
32.0,10,4.121696
-79.0,10,4.122983
-4.0,10,4.12423
28.0,10,4.12551
-6.0,10,4.126799
-21.0,10,4.128088
-66.0,10,4.129372
12.0,10,4.13064
28.0,10,4.131885
26.0,10,4.133152
-95.0,10,4.134434
5.0,10,4.135715
-79.0,10,4.136994
-135.0,10,4.138277
27.0,10,4.139553
-66.0,10,4.140834
-141.0,10,4.142135
-19.0,10,4.143414
46.0,10,4.144693
-68.0,10,4.14598
18.0,10,4.147258
67.0,10,4.148547
-131.0,10,4.14979
-42.0,10,4.151023
-30.0,10,4.152252
-56.0,10,4.153489
-72.0,10,4.154734
-136.0,10,4.155967
-104.0,10,4.157205
7.0,10,4.158487
-143.0,10,4.159754
-20.0,10,4.161039
77.0,10,4.162319
-28.0,10,4.163594
121.0,10,4.164868
-56.0,10,4.166146
-84.0,10,4.167424
-94.0,10,4.168704
-2.0,10,4.169993
-84.0,10,4.171265
-19.0,10,4.172553
-43.0,10,4.173826
6.0,10,4.175102
-76.0,10,4.176377
-106.0,10,4.177643
-58.0,10,4.178922
61.0,10,4.180207
-63.0,10,4.181478
-54.0,10,4.182722
15.0,10,4.18398
-91.0,10,4.185242
-81.0,10,4.186518
-59.0,10,4.187796
-57.0,10,4.18907
-102.0,10,4.19036
51.0,10,4.191634
79.0,10,4.192872
44.0,10,4.1941
26.0,10,4.195381
-49.0,10,4.196647
-54.0,10,4.197903
11.0,10,4.199141
-74.0,10,4.200373
-129.0,10,4.201601
-77.0,10,4.202835
-213.0,10,4.204063
-23.0,10,4.205294
-35.0,10,4.206525
-66.0,10,4.207752
-74.0,10,4.209016
-54.0,10,4.210279
-33.0,10,4.211505
15.0,10,4.212725
-138.0,10,4.213951
-76.0,10,4.215196
-4.0,10,4.216474
-49.0,10,4.217761
2.0,10,4.219002
-29.0,10,4.220237
-110.0,10,4.221481
147.0,10,4.222731
-99.0,10,4.2241
-127.0,10,4.228093
-4.0,10,4.229468
-126.0,10,4.230804
-59.0,10,4.232078
-161.0,10,4.233343
-112.0,10,4.23459
-29.0,10,4.235853
-84.0,10,4.237092
-28.0,10,4.238341
-38.0,10,4.239593
-42.0,10,4.240887
-159.0,10,4.242166
-9.0,10,4.24347
-62.0,10,4.244704
-57.0,10,4.245952
7.0,10,4.247219
-98.0,10,4.248491
-51.0,10,4.249725
-61.0,10,4.250974
-160.0,10,4.252202
2.0,10,4.253405
9.0,10,4.254628
-81.0,10,4.25587
0.0,10,4.257086
-119.0,10,4.258311
-140.0,10,4.259595
59.0,10,4.260865
2.0,10,4.262085
-8.0,10,4.263316
-114.0,10,4.264729
-11.0,10,4.265966
-65.0,10,4.267213
-261.0,10,4.268469
-56.0,10,4.269682
-171.0,10,4.270902
-67.0,10,4.272149
18.0,10,4.273389
-101.0,10,4.274615
52.0,10,4.275826
-134.0,10,4.277029
23.0,10,4.278247
-124.0,10,4.279472
-42.0,10,4.280677
10.0,10,4.282133
43.0,10,4.283424
-70.0,10,4.284663
-59.0,10,4.285914
-24.0,10,4.287154
-84.0,10,4.288377
-39.0,10,4.289611
36.0,10,4.290879
-33.0,10,4.292124
7.0,10,4.293349
14.0,10,4.294564
-34.0,10,4.29579
-163.0,10,4.297
28.0,10,4.298214
7.0,10,4.299434
-48.0,10,4.30064
17.0,10,4.301851
-42.0,10,4.303077
-74.0,10,4.304304
-123.0,10,4.305519
-37.0,10,4.306728
-91.0,10,4.307957
-54.0,10,4.309167
-53.0,10,4.310374
-67.0,10,4.311582
-48.0,10,4.312787
-144.0,10,4.313993
16.0,10,4.315199
71.0,10,4.31641
-41.0,10,4.317614
59.0,10,4.318847
-103.0,10,4.32006
6.0,10,4.321289
-74.0,10,4.322495
-49.0,10,4.323695
-46.0,10,4.324943
91.0,10,4.326183
13.0,10,4.327389
67.0,10,4.328592
-42.0,10,4.329802
-69.0,10,4.331012
-2.0,10,4.332216
59.0,10,4.333423
-108.0,10,4.334627
-46.0,10,4.335849
-113.0,10,4.337075
-54.0,10,4.338296
-114.0,10,4.339543
-49.0,10,4.340757
-23.0,10,4.341977
-153.0,10,4.343199
0.0,10,4.344395
-84.0,10,4.345599
0.0,10,4.346804
-116.0,10,4.348009
-24.0,10,4.349218
-99.0,10,4.350437
39.0,10,4.351661
-42.0,10,4.352866
-127.0,10,4.354071
-35.0,10,4.355271
-2.0,10,4.356473
-43.0,10,4.357691
-28.0,10,4.358961
62.0,10,4.360196
29.0,10,4.361413
-26.0,10,4.362619
-41.0,10,4.363854
-32.0,10,4.365055
-106.0,10,4.366252
-57.0,10,4.367483
-116.0,10,4.368686
-30.0,10,4.369904
-21.0,10,4.371105
-94.0,10,4.372327
-89.0,10,4.639152
-54.0,10,4.640413
-14.0,10,4.641647
-31.0,10,4.642875
-87.0,10,4.644129
66.0,10,4.645348
-26.0,10,4.646578
-60.0,10,4.647793
-120.0,10,4.649007
-36.0,10,4.65022
38.0,10,4.651433
-145.0,10,4.652645
-106.0,10,4.653848
-57.0,10,4.655059
-6.0,10,4.65627
-7.0,10,4.657479
39.0,10,4.658735
-13.0,10,4.659971
-16.0,10,4.661175
-181.0,10,4.662393
-104.0,10,4.663595
-55.0,10,4.664796
1.0,10,4.666001
-61.0,10,4.667208
-49.0,10,4.668417
18.0,10,4.669633
-121.0,10,4.670849
-52.0,10,4.672055
-53.0,10,4.673265
-1.0,10,4.674461
-37.0,10,4.67566
-67.0,10,4.676859
-19.0,10,4.67807
-6.0,10,4.679289
-72.0,10,4.680496
-16.0,10,4.681694
-16.0,10,4.682892
-35.0,10,4.6841
44.0,10,4.685316
-82.0,10,4.686517
84.0,10,4.687753
-95.0,10,4.688964
23.0,10,4.690163
-21.0,10,4.691405
-31.0,10,4.692656
-9.0,10,4.693864
-12.0,10,4.695065
-57.0,10,4.696267
-125.0,10,4.697463
79.0,10,4.698664
-32.0,10,4.699865
-200.0,10,4.701084
-49.0,10,4.702294
61.0,10,4.703496
-2.0,10,4.704707
-109.0,10,4.705919
-41.0,10,4.707131
-74.0,10,4.708346
-36.0,10,4.709582
-24.0,10,4.7108
25.0,10,4.712012
-9.0,10,4.713214
16.0,10,4.714423
-34.0,10,4.715625
47.0,10,4.716827
-51.0,10,4.718063
-68.0,10,4.71929
-82.0,10,4.720493
-12.0,10,4.721689
-42.0,10,4.72288
-141.0,10,4.724081
56.0,10,4.725311
-124.0,10,4.726542
-49.0,10,4.727747
-23.0,10,4.728955
26.0,10,4.730166
117.0,10,4.731371
-43.0,10,4.732574
38.0,10,4.733776
-99.0,10,4.735006
-117.0,10,4.736216
-89.0,10,4.737435
-90.0,10,4.738648
73.0,10,4.739856
-18.0,10,4.741069
-140.0,10,4.742269
12.0,10,4.743474
63.0,10,4.744683
-19.0,10,4.745894
-4.0,10,4.747096
16.0,10,4.7483
-127.0,10,4.749506
44.0,10,4.750721
-16.0,10,4.751918
19.0,10,4.753133
-65.0,10,4.754328
-72.0,10,4.755528
-28.0,10,4.756731
21.0,10,4.757946
-25.0,10,4.759153
-8.0,10,4.760352
-116.0,10,4.761551
-38.0,10,4.762753
-27.0,10,4.763957
91.0,10,4.765163
8.0,10,4.766369
53.0,10,4.767568
-94.0,10,4.768786
4.0,10,4.769997
18.0,10,4.771194
-94.0,10,4.772436
53.0,10,4.77366
-15.0,10,4.774859
-32.0,10,4.77606
14.0,10,4.777258
-117.0,10,4.778465
-153.0,10,4.779664
19.0,10,4.780859
51.0,10,4.78206
-22.0,10,4.783268
-129.0,10,4.784501
42.0,10,4.785712
-28.0,10,4.786917
-17.0,10,4.788121
-12.0,10,4.789316
-27.0,10,4.79051
-60.0,10,4.791703
14.0,10,4.792922
-97.0,10,4.794116
54.0,10,4.795317
-37.0,10,4.796516
-96.0,10,4.797711
-9.0,10,4.798917
-21.0,10,4.800121
49.0,10,4.801321
-79.0,10,4.802522
19.0,10,4.803723
-19.0,10,4.804938
5.0,10,4.806154
-79.0,10,4.807363
49.0,10,4.808565
-43.0,10,4.809778
-16.0,10,4.810983
-19.0,10,4.812183
-57.0,10,4.813385
31.0,10,4.814577
-9.0,10,4.815772
-4.0,10,4.816971
142.0,10,4.818182
14.0,10,4.819376
-169.0,10,4.820584
79.0,10,4.821788
-109.0,10,4.823003
-79.0,10,4.824196
-70.0,10,4.825431
20.0,10,4.826662
-1.0,10,4.827866
21.0,10,4.829065
-9.0,10,4.830261
-23.0,10,4.831457
-105.0,10,4.83266
89.0,10,4.833862
-114.0,10,4.835059
11.0,10,4.836275
-44.0,10,4.837474
-79.0,10,4.838683
-63.0,10,4.83994
-2.0,10,4.841139
-115.0,10,4.842353
-15.0,10,4.843549
-24.0,10,4.844739
-114.0,10,4.845929
-68.0,10,4.847127
-72.0,10,4.848329
-4.0,10,4.84953
-178.0,10,4.850731
31.0,10,4.85193
-14.0,10,4.853134
-143.0,10,4.854344
-61.0,10,4.855564
91.0,10,4.856772
-72.0,10,4.857987
74.0,10,4.859241
91.0,10,4.860446
-57.0,10,4.861644
-54.0,10,4.86284
-136.0,10,4.864039
21.0,10,4.865234
10.0,10,4.866432
35.0,10,4.867631
-56.0,10,4.868849
-93.0,10,4.870078
-74.0,10,4.871293
-58.0,10,4.872521
76.0,10,4.873716
3.0,10,4.874934
20.0,10,4.876147
-86.0,10,4.877346
46.0,10,4.87857
-19.0,10,4.879778
-76.0,10,4.880978
-153.0,10,4.88218
24.0,10,4.883386
-26.0,10,4.884591
-43.0,10,4.885795
-74.0,10,5.150808
-38.0,10,5.152055
-71.0,10,5.153293
-50.0,10,5.154519
66.0,10,5.155751
-49.0,10,5.156969
8.0,10,5.15821
-73.0,10,5.159459
-41.0,10,5.160671
-74.0,10,5.161883
-50.0,10,5.163094
40.0,10,5.164305
0.0,10,5.165512
-85.0,10,5.166724
-113.0,10,5.167956
-74.0,10,5.169163
-84.0,10,5.170374
61.0,10,5.171581
-6.0,10,5.172807
5.0,10,5.174012
-58.0,10,5.175219
-104.0,10,5.176432
-83.0,10,5.177639
45.0,10,5.178846
100.0,10,5.180058
46.0,10,5.181269
-25.0,10,5.182472
114.0,10,5.183683
-41.0,10,5.18489
53.0,10,5.186094
-40.0,10,5.187297
-214.0,10,5.188498
-21.0,10,5.1897
-6.0,10,5.190914
-146.0,10,5.192191
-42.0,10,5.193407
3.0,10,5.194608
-83.0,10,5.195817
-112.0,10,5.197022
-77.0,10,5.198229
26.0,10,5.199444
11.0,10,5.200644
-19.0,10,5.201843
-19.0,10,5.203046
-75.0,10,5.204244
-66.0,10,5.205463
16.0,10,5.206658
-7.0,10,5.20786
-51.0,10,5.209062
20.0,10,5.210278
32.0,10,5.211474
-44.0,10,5.212677
-147.0,10,5.213874
-88.0,10,5.215079
-9.0,10,5.216283
-2.0,10,5.217485
-128.0,10,5.218685
-14.0,10,5.219887
36.0,10,5.221086
-41.0,10,5.222301
-46.0,10,5.223501
1.0,10,5.224713
-50.0,10,5.225995
-19.0,10,5.227204
28.0,10,5.228399
23.0,10,5.229611
28.0,10,5.230811
-26.0,10,5.23201
31.0,10,5.233246
66.0,10,5.234469
119.0,10,5.235673
-24.0,10,5.236875
14.0,10,5.238078
-94.0,10,5.239306
-52.0,10,5.240514
112.0,10,5.241716
38.0,10,5.242921
4.0,10,5.244123
-76.0,10,5.245319
0.0,10,5.246523
1.0,10,5.247724
9.0,10,5.248919
-39.0,10,5.250126
9.0,10,5.251334
-29.0,10,5.252534
-2.0,10,5.253733
-13.0,10,5.254926
-10.0,10,5.256129
-4.0,10,5.257329
-112.0,10,5.258543
10.0,10,5.259765
-47.0,10,5.260964
35.0,10,5.262168
-103.0,10,5.263368
16.0,10,5.264566
-74.0,10,5.26576
-34.0,10,5.266961
16.0,10,5.268157
12.0,10,5.269378
-56.0,10,5.27062
-17.0,10,5.271819
-37.0,10,5.273024
49.0,10,5.274237
-134.0,10,5.275447
-54.0,10,5.276645
-33.0,10,5.277847
-111.0,10,5.279052
64.0,10,5.280249
-22.0,10,5.281449
33.0,10,5.282654
-58.0,10,5.283855
-52.0,10,5.285061
-151.0,10,5.286259
-6.0,10,5.287474
-1.0,10,5.288695
44.0,10,5.289893
78.0,10,5.29109
31.0,10,5.292336
27.0,10,5.293553
-84.0,10,5.294754
-38.0,10,5.295962
-2.0,10,5.297163
-56.0,10,5.298362
54.0,10,5.299583
-27.0,10,5.300806
46.0,10,5.302038
-55.0,10,5.303244
21.0,10,5.304441
-4.0,10,5.305663
-63.0,10,5.30686
-81.0,10,5.308064
24.0,10,5.309292
-72.0,10,5.310503
-72.0,10,5.311719
-94.0,10,5.312933
-57.0,10,5.31413
-11.0,10,5.315325
-116.0,10,5.316531
-47.0,10,5.317744
-77.0,10,5.318941
-47.0,10,5.320171
-25.0,10,5.321401
6.0,10,5.322601
-2.0,10,5.323795
-18.0,10,5.32501
69.0,10,5.32627
-15.0,10,5.327493
56.0,10,5.32871
-21.0,10,5.32993
-3.0,10,5.331138
-26.0,10,5.332339
-187.0,10,5.333533
-9.0,10,5.334738
39.0,10,5.335951
-8.0,10,5.337149
86.0,10,5.338358
-23.0,10,5.33959
28.0,10,5.340829
-30.0,10,5.34203
-30.0,10,5.343227
-31.0,10,5.344426
-22.0,10,5.34563
-71.0,10,5.346825
9.0,10,5.348015
-34.0,10,5.34922
-23.0,10,5.350438
-11.0,10,5.351656
-114.0,10,5.352855
-96.0,10,5.354047
-26.0,10,5.355267
15.0,10,5.356471
-3.0,10,5.357664
-14.0,10,5.358939
58.0,10,5.360159
67.0,10,5.361355
-39.0,10,5.362555
49.0,10,5.363772
-121.0,10,5.364974
-28.0,10,5.366198
2.0,10,5.3674
-121.0,10,5.3686
-108.0,10,5.369802
61.0,10,5.371006
-83.0,10,5.372221
6.0,10,5.373415
-49.0,10,5.37461
-186.0,10,5.375815
11.0,10,5.37702
-74.0,10,5.378228
-128.0,10,5.379427
44.0,10,5.380633
31.0,10,5.381832
-20.0,10,5.383036
-183.0,10,5.384232
-67.0,10,5.385427
-11.0,10,5.386641
-16.0,10,5.387849
-23.0,10,5.389052
-143.0,10,5.390245
-68.0,10,5.391497
-17.0,10,5.392722
24.0,10,5.39392
-167.0,10,5.395127
-16.0,10,5.396322
-116.0,10,5.674849
-36.0,10,5.676177
-14.0,10,5.677427
38.0,10,5.678667
-19.0,10,5.679886
-10.0,10,5.681102
-21.0,10,5.682327
-58.0,10,5.68354
3.0,10,5.684763
-131.0,10,5.685977
-16.0,10,5.687185
73.0,10,5.688427
1.0,10,5.689631
49.0,10,5.690881
-74.0,10,5.69215
-22.0,10,5.693359
56.0,10,5.694573
42.0,10,5.695809
29.0,10,5.697017
7.0,10,5.698224
12.0,10,5.69943
39.0,10,5.70064
31.0,10,5.701854
24.0,10,5.703077
-102.0,10,5.704283
-6.0,10,5.705503
-53.0,10,5.706724
-90.0,10,5.70793
-4.0,10,5.709149
-2.0,10,5.710352
-33.0,10,5.711569
-57.0,10,5.712798
-77.0,10,5.714004
6.0,10,5.715227
-32.0,10,5.71645
42.0,10,5.717687
-85.0,10,5.718888
-75.0,10,5.720086
20.0,10,5.721292
-67.0,10,5.722515
-49.0,10,5.723717
9.0,10,5.724922
24.0,10,5.726146
28.0,10,5.727358
-2.0,10,5.728562
53.0,10,5.729769
38.0,10,5.730976
-4.0,10,5.732192
-29.0,10,5.733409
-46.0,10,5.734628
-70.0,10,5.735833
-77.0,10,5.737054
68.0,10,5.738256
50.0,10,5.739457
-39.0,10,5.740657
-28.0,10,5.741869
-119.0,10,5.743078
-34.0,10,5.744297
-76.0,10,5.745508
58.0,10,5.746726
-80.0,10,5.747931
22.0,10,5.749132
-29.0,10,5.750344
75.0,10,5.751567
47.0,10,5.752778
-54.0,10,5.754018
49.0,10,5.755236
28.0,10,5.756441
-72.0,10,5.757659
-36.0,10,5.758876
-2.0,10,5.760091
14.0,10,5.761311
3.0,10,5.762516
12.0,10,5.763747
-44.0,10,5.764962
-36.0,10,5.766177
-76.0,10,5.767376
3.0,10,5.768584
-102.0,10,5.7698
28.0,10,5.771017
38.0,10,5.772232
-84.0,10,5.773428
-24.0,10,5.77463
-57.0,10,5.775833
38.0,10,5.777033
44.0,10,5.778228
-117.0,10,5.77945
-4.0,10,5.780654
-126.0,10,5.781855
-81.0,10,5.783051
-39.0,10,5.784255
52.0,10,5.785479
7.0,10,5.786687
11.0,10,5.787887
-77.0,10,5.789099
9.0,10,5.7903
-119.0,10,5.791528
24.0,10,5.792757
24.0,10,5.793958
11.0,10,5.795171
49.0,10,5.79638
-44.0,10,5.797572
-12.0,10,5.798766
-20.0,10,5.800012
41.0,10,5.801227
10.0,10,5.802452
61.0,10,5.803667
9.0,10,5.804872
22.0,10,5.806071
41.0,10,5.807288
-82.0,10,5.808498
-9.0,10,5.809702
-52.0,10,5.810913
16.0,10,5.812113
33.0,10,5.813315
48.0,10,5.814513
-20.0,10,5.81571
4.0,10,5.816912
91.0,10,5.818114
96.0,10,5.819345
-16.0,10,5.820558
20.0,10,5.821757
-27.0,10,5.822954
-19.0,10,5.824151
-32.0,10,5.825388
-49.0,10,5.826603
11.0,10,5.827803
15.0,10,5.829007
79.0,10,5.83024
-134.0,10,5.831458
7.0,10,5.83268
-26.0,10,5.83388
-19.0,10,5.835093
-56.0,10,5.836321
-72.0,10,5.837526
-71.0,10,5.838723
-117.0,10,5.839913
72.0,10,5.841108
-23.0,10,5.842311
-14.0,10,5.843521
-109.0,10,5.844732
-15.0,10,5.845936
-109.0,10,5.847154
-3.0,10,5.848355
-26.0,10,5.849556
23.0,10,5.85077
-55.0,10,5.852007
-48.0,10,5.853214
26.0,10,5.854419
-56.0,10,5.855639
2.0,10,5.856838
-101.0,10,5.858069
56.0,10,5.859335
38.0,10,5.860553
22.0,10,5.861792
16.0,10,5.863002
3.0,10,5.864197
-114.0,10,5.865424
-35.0,10,5.866633
-9.0,10,5.86783
14.0,10,5.869039
-79.0,10,5.870238
-14.0,10,5.871441
-84.0,10,5.872661
-25.0,10,5.873862
-29.0,10,5.875116
17.0,10,5.876397
3.0,10,5.877675
-13.0,10,5.878973
75.0,10,5.880312
3.0,10,5.881596
-36.0,10,5.882882
36.0,10,5.884125
-104.0,10,5.885385
-90.0,10,5.886635
-23.0,10,5.887959
135.0,10,5.889271
-2.0,10,5.890586
-1.0,10,5.891825
-80.0,10,5.893125
23.0,10,5.894362
-56.0,10,5.895665
-37.0,10,5.896936
92.0,10,5.898155
-14.0,10,5.899362
-67.0,10,5.900564
-44.0,10,5.901788
11.0,10,5.903061
-101.0,10,5.904405
7.0,10,5.905633
21.0,10,5.906867
-15.0,10,5.908072
-27.0,10,5.909268
61.0,10,5.910468
49.0,10,5.911665
10.0,10,5.912863
51.0,10,5.914072
-45.0,10,5.915274
94.0,10,5.916475
-50.0,10,5.917691
-32.0,10,5.918889
-39.0,10,5.920087
3.0,10,5.921291
-24.0,10,5.922497
46.0,10,5.923699
-14.0,10,6.188863
15.0,10,6.190151
98.0,10,6.191421
15.0,10,6.192702
72.0,10,6.193924
9.0,10,6.195162
11.0,10,6.196389
-14.0,10,6.197607
11.0,10,6.198824
39.0,10,6.200036
74.0,10,6.201267
12.0,10,6.202502
51.0,10,6.203721
3.0,10,6.204931
13.0,10,6.206142
5.0,10,6.207349
-2.0,10,6.208557
-76.0,10,6.209765
-32.0,10,6.21097
-94.0,10,6.212179
-51.0,10,6.213386
74.0,10,6.214589
43.0,10,6.215793
34.0,10,6.217002
17.0,10,6.218228
-96.0,10,6.219452
9.0,10,6.220654
-89.0,10,6.221855
31.0,10,6.223066
-56.0,10,6.224269
51.0,10,6.225511
66.0,10,6.226755
-67.0,10,6.227964
84.0,10,6.229178
-75.0,10,6.230384
2.0,10,6.231586
-36.0,10,6.232787
8.0,10,6.233992
16.0,10,6.235203
21.0,10,6.236412
-179.0,10,6.237618
-66.0,10,6.238838
-90.0,10,6.240039
-1.0,10,6.241242
-12.0,10,6.242454
68.0,10,6.243662
112.0,10,6.244867
34.0,10,6.246071
-23.0,10,6.247278
80.0,10,6.248482
4.0,10,6.249681
5.0,10,6.250883
-139.0,10,6.252093
-56.0,10,6.253291
75.0,10,6.254491
-25.0,10,6.255694
-44.0,10,6.256897
-64.0,10,6.258154
-73.0,10,6.259392
-61.0,10,6.260596
-30.0,10,6.261803
-136.0,10,6.26301
124.0,10,6.264214
13.0,10,6.265438
-4.0,10,6.266643
-113.0,10,6.267857
-28.0,10,6.269075
22.0,10,6.270292
-71.0,10,6.271495
-2.0,10,6.272713
56.0,10,6.273911
44.0,10,6.275108
-19.0,10,6.276307
-69.0,10,6.277509
58.0,10,6.27875
45.0,10,6.279954
-62.0,10,6.28116
-37.0,10,6.282363
-133.0,10,6.283573
-41.0,10,6.284775
40.0,10,6.28598
64.0,10,6.287181
53.0,10,6.288396
147.0,10,6.289599
-17.0,10,6.2908
-4.0,10,6.292033
28.0,10,6.293261
44.0,10,6.294468
-161.0,10,6.29567
14.0,10,6.296872
-57.0,10,6.298085
6.0,10,6.29929
13.0,10,6.300491
21.0,10,6.301703
77.0,10,6.302905
-24.0,10,6.304105
-59.0,10,6.305308
65.0,10,6.306528
-14.0,10,6.307742
-27.0,10,6.308947
114.0,10,6.310147
42.0,10,6.311343
-24.0,10,6.31254
-22.0,10,6.313739
-16.0,10,6.314949
24.0,10,6.316143
51.0,10,6.317339
31.0,10,6.318544
-18.0,10,6.319739
-79.0,10,6.320945
39.0,10,6.322158
-41.0,10,6.323357
-32.0,10,6.324559
19.0,10,6.325802
-16.0,10,6.327007
-42.0,10,6.328216
24.0,10,6.32941
-19.0,10,6.330609
44.0,10,6.331805
39.0,10,6.333004
-96.0,10,6.334223
69.0,10,6.335438
-46.0,10,6.336638
44.0,10,6.337844
26.0,10,6.339071
-11.0,10,6.340282
-69.0,10,6.341486
9.0,10,6.342691
3.0,10,6.343934
-69.0,10,6.345145
-24.0,10,6.346345
101.0,10,6.347534
76.0,10,6.348733
-13.0,10,6.349933
47.0,10,6.351145
-46.0,10,6.352346
46.0,10,6.353546
48.0,10,6.354771
61.0,10,6.35597
-13.0,10,6.357167
-22.0,10,6.358396
23.0,10,6.359627
19.0,10,6.360824
36.0,10,6.362023
-60.0,10,6.363227
9.0,10,6.364436
-16.0,10,6.365639
-31.0,10,6.366854
49.0,10,6.368058
-28.0,10,6.369255
-58.0,10,6.370452
28.0,10,6.371676
-36.0,10,6.372879
-42.0,10,6.374082
-76.0,10,6.375285
86.0,10,6.376492
67.0,10,6.377697
91.0,10,6.378916
76.0,10,6.380132
-16.0,10,6.381332
-60.0,10,6.382534
-1.0,10,6.383739
-50.0,10,6.384944
-89.0,10,6.386146
-25.0,10,6.387338
-1.0,10,6.388559
3.0,10,6.389765
74.0,10,6.390972
61.0,10,6.392221
-40.0,10,6.393435
-38.0,10,6.394644
-30.0,10,6.395843
-31.0,10,6.397053
18.0,10,6.39827
-7.0,10,6.399475
67.0,10,6.400678
43.0,10,6.401875
31.0,10,6.403083
-4.0,10,6.404296
31.0,10,6.405515
61.0,10,6.40672
46.0,10,6.407933
7.0,10,6.409165
-41.0,10,6.410376
-66.0,10,6.411596
26.0,10,6.412798
39.0,10,6.414004
25.0,10,6.415203
-71.0,10,6.416403
-84.0,10,6.41761
-79.0,10,6.418819
-46.0,10,6.420025
79.0,10,6.421227
137.0,10,6.422444
-20.0,10,6.423638
-35.0,10,6.424851
6.0,10,6.426088
-6.0,10,6.427291
-84.0,10,6.428495
-39.0,10,6.429712
96.0,10,6.430918
16.0,10,6.43212
-73.0,10,6.433354
98.0,10,6.434557
-42.0,10,6.435766
-67.0,10,6.700081
49.0,10,6.701339
30.0,10,6.702581
-64.0,10,6.703797
110.0,10,6.705016
46.0,10,6.706265
79.0,10,6.707473
56.0,10,6.70869
-42.0,10,6.709927
-96.0,10,6.711133
26.0,10,6.712374
-51.0,10,6.713575
27.0,10,6.714776
-27.0,10,6.715987
-20.0,10,6.7172
7.0,10,6.718402
-20.0,10,6.719613
44.0,10,6.720819
65.0,10,6.72203
-19.0,10,6.723234
78.0,10,6.724433
-94.0,10,6.725696
-127.0,10,6.726923
-154.0,10,6.728126
-19.0,10,6.729346
14.0,10,6.730549
-32.0,10,6.731749
-42.0,10,6.732952
-53.0,10,6.734149
-30.0,10,6.735363
87.0,10,6.736566
-7.0,10,6.737776
-49.0,10,6.738995
-9.0,10,6.740205
62.0,10,6.741422
73.0,10,6.742618
89.0,10,6.743824
-40.0,10,6.745022
45.0,10,6.746223
-39.0,10,6.747431
-74.0,10,6.748632
-69.0,10,6.749838
-18.0,10,6.751041
28.0,10,6.752249
-14.0,10,6.753478
52.0,10,6.754681
8.0,10,6.755892
-43.0,10,6.757089
-20.0,10,6.758296
26.0,10,6.759537
-9.0,10,6.760753
-8.0,10,6.761957
112.0,10,6.763163
-99.0,10,6.764374
82.0,10,6.765568
49.0,10,6.76677
8.0,10,6.767973
-29.0,10,6.76917
-88.0,10,6.770368
91.0,10,6.771568
68.0,10,6.772762
119.0,10,6.773963
-6.0,10,6.775156
112.0,10,6.776353
-22.0,10,6.777563
35.0,10,6.778765
-33.0,10,6.779969
12.0,10,6.781168
4.0,10,6.782363
177.0,10,6.78356
33.0,10,6.784758
82.0,10,6.785949
-36.0,10,6.787136
-39.0,10,6.78833
11.0,10,6.789539
91.0,10,6.790731
117.0,10,6.79196
31.0,10,6.793191
-12.0,10,6.794393
32.0,10,6.795597
-95.0,10,6.796796
87.0,10,6.798001
7.0,10,6.799229
31.0,10,6.800426
16.0,10,6.80164
117.0,10,6.802833
-1.0,10,6.804026
74.0,10,6.80522
4.0,10,6.806428
67.0,10,6.807626
-123.0,10,6.808822
24.0,10,6.810029
7.0,10,6.811223
4.0,10,6.812423
24.0,10,6.813619
-4.0,10,6.814821
-25.0,10,6.81602
14.0,10,6.817233
80.0,10,6.818441
-44.0,10,6.819647
-30.0,10,6.820857
38.0,10,6.822055
103.0,10,6.82325
22.0,10,6.824444
-14.0,10,6.825698
8.0,10,6.826902
-11.0,10,6.828129
9.0,10,6.829327
11.0,10,6.83052
-60.0,10,6.831713
94.0,10,6.832912
-42.0,10,6.834112
-17.0,10,6.835348
112.0,10,6.836547
82.0,10,6.837757
-26.0,10,6.83896
66.0,10,6.84016
10.0,10,6.84136
17.0,10,6.842559
28.0,10,6.84376
-97.0,10,6.844957
4.0,10,6.846154
-1.0,10,6.847365
-9.0,10,6.848558
-19.0,10,6.849749
-26.0,10,6.850951
33.0,10,6.85215
-102.0,10,6.853343
23.0,10,6.854536
28.0,10,6.855727
104.0,10,6.856921
-51.0,10,6.858158
-29.0,10,6.859401
28.0,10,6.860616
66.0,10,6.861815
-50.0,10,6.863044
51.0,10,6.864239
66.0,10,6.865435
-7.0,10,6.866642
11.0,10,6.86786
34.0,10,6.869082
-2.0,10,6.870308
-62.0,10,6.871501
-98.0,10,6.872731
-57.0,10,6.873939
89.0,10,6.875135
-8.0,10,6.876329
26.0,10,6.877538
-3.0,10,6.878734
6.0,10,6.879944
-53.0,10,6.881142
5.0,10,6.882351
26.0,10,6.883544
34.0,10,6.884745
60.0,10,6.885943
1.0,10,6.887159
-2.0,10,6.888357
-50.0,10,6.889557
-11.0,10,6.89075
-55.0,10,6.891971
-121.0,10,6.893179
33.0,10,6.894376
-56.0,10,6.895573
13.0,10,6.896771
4.0,10,6.897972
44.0,10,6.899172
-74.0,10,6.900374
-108.0,10,6.901575
-61.0,10,6.902774
-38.0,10,6.903975
103.0,10,6.905189
73.0,10,6.906402
-93.0,10,6.907598
-23.0,10,6.908792
-32.0,10,6.909989
94.0,10,6.911184
9.0,10,6.912392
37.0,10,6.913602
-89.0,10,6.914797
-27.0,10,6.91599
-103.0,10,6.917184
-153.0,10,6.918383
41.0,10,6.919593
58.0,10,6.920796
65.0,10,6.922002
-84.0,10,6.923207
7.0,10,6.9244
44.0,10,6.92561
48.0,10,6.926806
86.0,10,6.927997
-26.0,10,6.929218
-37.0,10,6.930412
19.0,10,6.931607
-20.0,10,6.932803
-43.0,10,6.934003
-25.0,10,6.9352
79.0,10,6.936411
-20.0,10,6.937625
38.0,10,6.938834
40.0,10,6.940038
-69.0,10,6.941252
154.0,10,6.94245
-2.0,10,6.943672
-64.0,10,6.944875
66.0,10,6.946065
28.0,10,7.210409
-39.0,10,7.211647
9.0,10,7.212872
-14.0,10,7.21409
49.0,10,7.215294
16.0,10,7.216503
-32.0,10,7.217707
86.0,10,7.218917
91.0,10,7.220135
-57.0,10,7.221344
3.0,10,7.22256
39.0,10,7.223757
24.0,10,7.224985
-19.0,10,7.22621
81.0,10,7.227413
-39.0,10,7.228615
64.0,10,7.229818
29.0,10,7.231023
101.0,10,7.232222
2.0,10,7.233426
59.0,10,7.234629
29.0,10,7.23583
-86.0,10,7.237029
-6.0,10,7.238231
-91.0,10,7.239457
49.0,10,7.240657
21.0,10,7.24186
-7.0,10,7.243068
94.0,10,7.244268
10.0,10,7.245468
15.0,10,7.246665
39.0,10,7.247862
24.0,10,7.249071
-37.0,10,7.250279
-18.0,10,7.251478
77.0,10,7.252687
-25.0,10,7.253893
26.0,10,7.255088
75.0,10,7.256285
44.0,10,7.257484
47.0,10,7.25868
57.0,10,7.25989
107.0,10,7.261086
-42.0,10,7.262282
-84.0,10,7.26348
17.0,10,7.264677
-44.0,10,7.265872
-13.0,10,7.267069
21.0,10,7.268262
-28.0,10,7.269457
-34.0,10,7.27072
1.0,10,7.271982
-14.0,10,7.2732
61.0,10,7.27442
19.0,10,7.275625
79.0,10,7.276823
28.0,10,7.278021
-7.0,10,7.279222
33.0,10,7.280447
-30.0,10,7.28172
79.0,10,7.282924
-60.0,10,7.284128
-17.0,10,7.28532
-59.0,10,7.286543
-32.0,10,7.287734
81.0,10,7.288936
16.0,10,7.290144
61.0,10,7.291405
91.0,10,7.292636
-151.0,10,7.293836
43.0,10,7.295039
-31.0,10,7.296256
-82.0,10,7.297457
-24.0,10,7.298672
126.0,10,7.299873
-9.0,10,7.301076
36.0,10,7.302274
-18.0,10,7.303474
47.0,10,7.30467
0.0,10,7.305888
33.0,10,7.307088
-17.0,10,7.30829
-110.0,10,7.309489
42.0,10,7.3107
52.0,10,7.311899
-135.0,10,7.313095
-25.0,10,7.314289
-19.0,10,7.315491
-26.0,10,7.316687
-66.0,10,7.317922
-37.0,10,7.319119
9.0,10,7.320318
18.0,10,7.321509
-62.0,10,7.32274
-38.0,10,7.323952
91.0,10,7.325223
73.0,10,7.326437
101.0,10,7.327636
-8.0,10,7.328837
46.0,10,7.330035
84.0,10,7.331229
1.0,10,7.332435
3.0,10,7.333648
84.0,10,7.334848
79.0,10,7.33606
-36.0,10,7.337257
29.0,10,7.338467
-124.0,10,7.339672
44.0,10,7.340865
84.0,10,7.342051
-2.0,10,7.343252
-119.0,10,7.344451
59.0,10,7.345646
84.0,10,7.346845
54.0,10,7.348038
114.0,10,7.349228
60.0,10,7.350431
-9.0,10,7.351633
-10.0,10,7.352837
96.0,10,7.354043
119.0,10,7.355238
98.0,10,7.356446
-99.0,10,7.357643
63.0,10,7.358885
-124.0,10,7.360134
-12.0,10,7.36134
2.0,10,7.362533
89.0,10,7.363734
12.0,10,7.364946
-49.0,10,7.366139
-16.0,10,7.367335
69.0,10,7.368562
-37.0,10,7.369763
-31.0,10,7.37096
44.0,10,7.372197
-15.0,10,7.373401
124.0,10,7.374631
4.0,10,7.375838
72.0,10,7.377042
89.0,10,7.378235
-12.0,10,7.379446
9.0,10,7.380636
-38.0,10,7.38183
60.0,10,7.383018
109.0,10,7.384227
39.0,10,7.385429
-11.0,10,7.386654
-7.0,10,7.387849
-4.0,10,7.389045
56.0,10,7.390244
103.0,10,7.39146
28.0,10,7.392698
-9.0,10,7.393896
-49.0,10,7.395095
-25.0,10,7.396286
-46.0,10,7.397485
89.0,10,7.39868
-59.0,10,7.399881
-17.0,10,7.401081
31.0,10,7.402289
96.0,10,7.403495
3.0,10,7.404702
-41.0,10,7.405894
-12.0,10,7.407122
112.0,10,7.408321
-30.0,10,7.409531
51.0,10,7.410735
28.0,10,7.411942
-80.0,10,7.413175
17.0,10,7.414371
14.0,10,7.41557
23.0,10,7.416772
-74.0,10,7.417969
98.0,10,7.419175
-48.0,10,7.420375
11.0,10,7.421589
82.0,10,7.422795
-46.0,10,7.423991
55.0,10,7.42522
68.0,10,7.426413
-83.0,10,7.427605
-92.0,10,7.4288
44.0,10,7.430012
11.0,10,7.431207
26.0,10,7.432407
103.0,10,7.433598
4.0,10,7.434793
77.0,10,7.435992
94.0,10,7.437198
23.0,10,7.438395
29.0,10,7.439618
40.0,10,7.440814
-42.0,10,7.442015
-92.0,10,7.443205
72.0,10,7.444407
96.0,10,7.445602
49.0,10,7.446787
19.0,10,7.447977
-28.0,10,7.449176
19.0,10,7.450372
78.0,10,7.451586
109.0,10,7.452832
-17.0,10,7.454039
84.0,10,7.455235
84.0,10,7.456418
-17.0,10,7.721825
86.0,10,7.723083
114.0,10,7.724319
44.0,10,7.725571
-34.0,10,7.726802
26.0,10,7.728038
40.0,10,7.729254
-14.0,10,7.730476
-30.0,10,7.731687
-157.0,10,7.732903
21.0,10,7.73412
-33.0,10,7.735338
56.0,10,7.736553
-56.0,10,7.737768
9.0,10,7.738976
-62.0,10,7.740187
12.0,10,7.741398
-35.0,10,7.742628
8.0,10,7.743844
57.0,10,7.745062
0.0,10,7.746272
84.0,10,7.747483
16.0,10,7.748691
-115.0,10,7.749911
56.0,10,7.751128
-29.0,10,7.75234
42.0,10,7.753559
-51.0,10,7.754784
-101.0,10,7.755984
86.0,10,7.75719
72.0,10,7.758433
-63.0,10,7.759671
43.0,10,7.760897
147.0,10,7.76212
-27.0,10,7.763327
66.0,10,7.764537
57.0,10,7.765756
-4.0,10,7.766964
147.0,10,7.76817
112.0,10,7.769379
-19.0,10,7.770594
-17.0,10,7.771812
17.0,10,7.77301
-72.0,10,7.774212
16.0,10,7.775414
71.0,10,7.776624
1.0,10,7.777828
105.0,10,7.77904
77.0,10,7.780243
79.0,10,7.781457
66.0,10,7.782662
-83.0,10,7.783872
-28.0,10,7.785079
14.0,10,7.786285
4.0,10,7.787494
2.0,10,7.788697
36.0,10,7.789903
-29.0,10,7.791109
-47.0,10,7.792383
20.0,10,7.793603
28.0,10,7.794812
6.0,10,7.796024
124.0,10,7.797233
-4.0,10,7.798435
7.0,10,7.799636
43.0,10,7.800837
26.0,10,7.802049
57.0,10,7.803266
7.0,10,7.80449
-4.0,10,7.805714
66.0,10,7.806919
119.0,10,7.808124
-6.0,10,7.809327
28.0,10,7.810531
89.0,10,7.811734
-14.0,10,7.812943
38.0,10,7.814138
89.0,10,7.815335
-29.0,10,7.816533
140.0,10,7.817732
-51.0,10,7.818931
-10.0,10,7.820138
31.0,10,7.821347
-42.0,10,7.822561
26.0,10,7.823762
-1.0,10,7.825009
56.0,10,7.826233
-30.0,10,7.827461
110.0,10,7.82866
-16.0,10,7.82987
96.0,10,7.831074
-36.0,10,7.832274
-56.0,10,7.833481
25.0,10,7.834692
89.0,10,7.835891
135.0,10,7.837097
-59.0,10,7.838306
89.0,10,7.839521
89.0,10,7.840737
108.0,10,7.841934
96.0,10,7.843175
124.0,10,7.84438
36.0,10,7.845582
149.0,10,7.846784
-90.0,10,7.847983
84.0,10,7.849182
1.0,10,7.850389
-3.0,10,7.851591
-27.0,10,7.852784
58.0,10,7.853984
64.0,10,7.855182
59.0,10,7.856381
19.0,10,7.857597
-38.0,10,7.858834
74.0,10,7.86004
-38.0,10,7.861252
-88.0,10,7.862465
102.0,10,7.863657
-41.0,10,7.864863
-4.0,10,7.866067
-89.0,10,7.867272
79.0,10,7.868485
43.0,10,7.86969
-106.0,10,7.870911
89.0,10,7.872141
12.0,10,7.873339
96.0,10,7.874546
-73.0,10,7.875746
-19.0,10,7.876985
-49.0,10,7.87819
52.0,10,7.879387
49.0,10,7.880605
-7.0,10,7.88181
45.0,10,7.883016
44.0,10,7.884214
38.0,10,7.885414
-11.0,10,7.886617
56.0,10,7.887819
119.0,10,7.889018
-26.0,10,7.890217
-42.0,10,7.89146
24.0,10,7.892704
10.0,10,7.893914
-14.0,10,7.895108
74.0,10,7.896314
4.0,10,7.89752
4.0,10,7.898727
-79.0,10,7.899938
-55.0,10,7.901146
-14.0,10,7.902346
22.0,10,7.903558
14.0,10,7.904766
64.0,10,7.906001
6.0,10,7.907203
-140.0,10,7.908437
8.0,10,7.909651
-74.0,10,7.910874
-62.0,10,7.912075
-42.0,10,7.913288
33.0,10,7.914486
114.0,10,7.915685
21.0,10,7.916884
24.0,10,7.91808
51.0,10,7.919296
21.0,10,7.920504
35.0,10,7.921716
-42.0,10,7.922912
-55.0,10,7.924114
64.0,10,7.925386
-53.0,10,7.92659
-37.0,10,7.927794
67.0,10,7.928994
45.0,10,7.930191
-31.0,10,7.931405
-20.0,10,7.932609
102.0,10,7.933862
10.0,10,7.935075
28.0,10,7.936295
30.0,10,7.937503
14.0,10,7.938714
22.0,10,7.939939
50.0,10,7.941143
124.0,10,7.94235
-50.0,10,7.943553
-96.0,10,7.944764
31.0,10,7.945986
31.0,10,7.947207
-18.0,10,7.948407
-17.0,10,7.949612
-21.0,10,7.950843
81.0,10,7.952076
23.0,10,7.953299
-7.0,10,7.954498
-58.0,10,7.955708
42.0,10,7.956909
55.0,10,7.958134
-107.0,10,7.95937
-5.0,10,7.96057
-14.0,10,7.96177
-3.0,10,7.962974
9.0,10,7.96417
36.0,10,7.965366
44.0,10,7.966561
56.0,10,7.967768
0.0,10,8.236669
-29.0,10,8.237998
38.0,10,8.239281
107.0,10,8.240523
-65.0,10,8.241754
114.0,10,8.24297
59.0,10,8.244189
30.0,10,8.245395
119.0,10,8.246623
-16.0,10,8.247842
104.0,10,8.249053
-13.0,10,8.25026
19.0,10,8.251486
101.0,10,8.252697
79.0,10,8.253898
3.0,10,8.255106
-82.0,10,8.256313
-30.0,10,8.257516
66.0,10,8.258733
-14.0,10,8.259969
-14.0,10,8.261183
103.0,10,8.262388
-20.0,10,8.263587
56.0,10,8.264793
-54.0,10,8.266009
66.0,10,8.267231
96.0,10,8.268442
61.0,10,8.269654
46.0,10,8.270857
-122.0,10,8.27207
14.0,10,8.273291
-37.0,10,8.274492
50.0,10,8.275696
84.0,10,8.276932
-25.0,10,8.278159
6.0,10,8.279363
40.0,10,8.280565
26.0,10,8.281767
73.0,10,8.282982
54.0,10,8.284182
24.0,10,8.285393
10.0,10,8.286597
25.0,10,8.287812
12.0,10,8.289019
26.0,10,8.290213
3.0,10,8.291409
11.0,10,8.292611
98.0,10,8.293817
73.0,10,8.295016
44.0,10,8.296232
36.0,10,8.29745
49.0,10,8.298679
44.0,10,8.299876
-31.0,10,8.301074
82.0,10,8.302277
19.0,10,8.303485
-13.0,10,8.30468
61.0,10,8.305904
-9.0,10,8.307117
-23.0,10,8.308327
81.0,10,8.309528
-21.0,10,8.310741
26.0,10,8.311949
43.0,10,8.313147
84.0,10,8.314354
-25.0,10,8.315553
-14.0,10,8.316753
19.0,10,8.317954
103.0,10,8.319151
66.0,10,8.320353
-69.0,10,8.321555
-81.0,10,8.322752
10.0,10,8.323948
65.0,10,8.325144
79.0,10,8.326369
46.0,10,8.327575
40.0,10,8.328791
56.0,10,8.329992
-48.0,10,8.331192
38.0,10,8.332383
26.0,10,8.333577
42.0,10,8.334786
-27.0,10,8.335996
18.0,10,8.337206
-5.0,10,8.338414
82.0,10,8.339635
96.0,10,8.340834
91.0,10,8.342029
84.0,10,8.343226
23.0,10,8.344421
68.0,10,8.345625
51.0,10,8.346833
11.0,10,8.348033
43.0,10,8.349226
-55.0,10,8.350428
-85.0,10,8.351638
48.0,10,8.35285
2.0,10,8.354064
103.0,10,8.355261
-133.0,10,8.356466
79.0,10,8.357657
-48.0,10,8.35892
59.0,10,8.360133
-22.0,10,8.361343
19.0,10,8.36254
119.0,10,8.363749
-51.0,10,8.364939
81.0,10,8.366134
-14.0,10,8.367329
-32.0,10,8.368543
-83.0,10,8.369745
119.0,10,8.370956
29.0,10,8.372153
91.0,10,8.373364
24.0,10,8.374579
66.0,10,8.375774
23.0,10,8.376982
-19.0,10,8.378184
45.0,10,8.379379
-16.0,10,8.380575
124.0,10,8.381773
12.0,10,8.382964
102.0,10,8.384166
94.0,10,8.385364
39.0,10,8.386563
49.0,10,8.387775
-57.0,10,8.388973
3.0,10,8.390168
86.0,10,8.391362
23.0,10,8.392614
14.0,10,8.393846
22.0,10,8.395044
-45.0,10,8.396262
49.0,10,8.397463
79.0,10,8.398664
-27.0,10,8.399895
9.0,10,8.401106
-57.0,10,8.402313
7.0,10,8.403542
142.0,10,8.404743
40.0,10,8.405976
78.0,10,8.407174
66.0,10,8.408367
-101.0,10,8.409566
51.0,10,8.410777
56.0,10,8.411983
72.0,10,8.413198
0.0,10,8.414408
14.0,10,8.415599
28.0,10,8.416811
79.0,10,8.41801
26.0,10,8.419211
98.0,10,8.420429
131.0,10,8.421632
-61.0,10,8.422836
79.0,10,8.424033
-9.0,10,8.42523
75.0,10,8.426468
28.0,10,8.427671
14.0,10,8.428882
13.0,10,8.430073
16.0,10,8.431275
-2.0,10,8.432476
36.0,10,8.433677
37.0,10,8.434882
29.0,10,8.436079
59.0,10,8.437277
-12.0,10,8.438476
-23.0,10,8.439701
19.0,10,8.440893
-29.0,10,8.442089
16.0,10,8.443285
101.0,10,8.444477
-27.0,10,8.44568
50.0,10,8.446881
23.0,10,8.448084
72.0,10,8.449285
68.0,10,8.450481
119.0,10,8.451678
70.0,10,8.452881
8.0,10,8.454086
23.0,10,8.455301
-2.0,10,8.456504
60.0,10,8.457717
48.0,10,8.458917
-55.0,10,8.460108
101.0,10,8.46131
-100.0,10,8.462513
126.0,10,8.463712
-44.0,10,8.464911
16.0,10,8.466106
39.0,10,8.467308
-50.0,10,8.468531
-65.0,10,8.46974
5.0,10,8.470933
84.0,10,8.472136
19.0,10,8.47333
-15.0,10,8.474523
56.0,10,8.475721
8.0,10,8.476923
-76.0,10,8.478142
56.0,10,8.479337
68.0,10,8.480535
34.0,10,8.481729
-9.0,10,8.482924
-20.0,10,8.747146
103.0,10,8.748415
68.0,10,8.749651
71.0,10,8.750876
79.0,10,8.752087
13.0,10,8.753302
86.0,10,8.754517
-19.0,10,8.755729
102.0,10,8.756943
-42.0,10,8.75815
71.0,10,8.759387
78.0,10,8.760597
-36.0,10,8.761823
7.0,10,8.763032
-8.0,10,8.764235
114.0,10,8.765441
2.0,10,8.766651
-21.0,10,8.767852
68.0,10,8.76907
45.0,10,8.770285
35.0,10,8.771496
61.0,10,8.77273
21.0,10,8.773932
105.0,10,8.77514
77.0,10,8.77636
114.0,10,8.777574
26.0,10,8.778798
-21.0,10,8.779997
-1.0,10,8.781214
-23.0,10,8.782422
-69.0,10,8.78364
84.0,10,8.78484
-1.0,10,8.786051
-21.0,10,8.78728
33.0,10,8.788482
-38.0,10,8.789709
78.0,10,8.790912
35.0,10,8.792129
71.0,10,8.793326
33.0,10,8.79455
75.0,10,8.795756
15.0,10,8.796981
-21.0,10,8.798181
147.0,10,8.799385
72.0,10,8.800594
107.0,10,8.801795
112.0,10,8.803011
50.0,10,8.804215
66.0,10,8.805443
7.0,10,8.806661
60.0,10,8.807889
114.0,10,8.809111
53.0,10,8.810312
40.0,10,8.811513
26.0,10,8.81271
-12.0,10,8.813911
86.0,10,8.815108
55.0,10,8.816307
-4.0,10,8.817519
82.0,10,8.818719
-17.0,10,8.819916
38.0,10,8.821115
79.0,10,8.822317
68.0,10,8.823523
29.0,10,8.824737
33.0,10,8.825988
38.0,10,8.827194
33.0,10,8.828412
78.0,10,8.829609
-42.0,10,8.830811
37.0,10,8.832012
91.0,10,8.833215
89.0,10,8.834415
46.0,10,8.835614
34.0,10,8.836839
39.0,10,8.838039
-87.0,10,8.839248
102.0,10,8.840443
96.0,10,8.841637
43.0,10,8.842837
1.0,10,8.844031
42.0,10,8.845229
1.0,10,8.846437
27.0,10,8.847636
14.0,10,8.84883
-59.0,10,8.850029
4.0,10,8.851229
27.0,10,8.852425
54.0,10,8.853619
-45.0,10,8.854814
86.0,10,8.85601
77.0,10,8.857205
-2.0,10,8.858453
-27.0,10,8.859664
96.0,10,8.860863
119.0,10,8.862058
104.0,10,8.863253
101.0,10,8.864454
61.0,10,8.865655
64.0,10,8.866845
17.0,10,8.86803
63.0,10,8.869241
110.0,10,8.870497
3.0,10,8.871708
56.0,10,8.872943
73.0,10,8.874145
31.0,10,8.875358
36.0,10,8.876564
-56.0,10,8.877764
-36.0,10,8.878973
86.0,10,8.880192
49.0,10,8.881397
-29.0,10,8.882598
82.0,10,8.883833
124.0,10,8.885034
-60.0,10,8.886226
-25.0,10,8.887432
-149.0,10,8.888633
172.0,10,8.88983
21.0,10,8.891028
-75.0,10,8.892289
37.0,10,8.89352
117.0,10,8.894718
13.0,10,8.895921
6.0,10,8.897124
14.0,10,8.898316
27.0,10,8.899514
73.0,10,8.900707
149.0,10,8.901901
-7.0,10,8.903091
14.0,10,8.904296
77.0,10,8.905493
45.0,10,8.906703
19.0,10,8.907908
66.0,10,8.9091
28.0,10,8.910298
5.0,10,8.911495
-93.0,10,8.912713
82.0,10,8.913908
-44.0,10,8.915103
-34.0,10,8.916304
-72.0,10,8.917503
2.0,10,8.918692
-4.0,10,8.91988
-15.0,10,8.921077
14.0,10,8.922267
75.0,10,8.923462
9.0,10,8.924681
-9.0,10,8.925909
112.0,10,8.927112
58.0,10,8.928307
-9.0,10,8.929506
119.0,10,8.930703
-37.0,10,8.931897
52.0,10,8.933114
126.0,10,8.934313
-30.0,10,8.935509
101.0,10,8.936704
119.0,10,8.937901
119.0,10,8.939113
117.0,10,8.940309
-22.0,10,8.941528
18.0,10,8.942722
-41.0,10,8.943922
117.0,10,8.945136
-35.0,10,8.946328
28.0,10,8.947524
16.0,10,8.948723
97.0,10,8.949917
89.0,10,8.951112
0.0,10,8.952301
70.0,10,8.953496
72.0,10,8.954693
40.0,10,8.955932
35.0,10,8.957133
79.0,10,8.958385
3.0,10,8.959624
79.0,10,8.960824
-9.0,10,8.962016
23.0,10,8.963204
5.0,10,8.964403
-4.0,10,8.965602
21.0,10,8.966818
98.0,10,8.968011
-6.0,10,8.96921
71.0,10,8.970403
-4.0,10,8.971596
24.0,10,8.972809
-72.0,10,8.974044
30.0,10,8.97525
98.0,10,8.976464
51.0,10,8.977658
66.0,10,8.978854
52.0,10,8.980053
52.0,10,8.981241
25.0,10,8.98243
52.0,10,8.983622
-60.0,10,8.984816
16.0,10,8.986005
89.0,10,8.98721
28.0,10,8.988402
-7.0,10,8.989593
74.0,10,8.990787
61.0,10,8.992033
43.0,10,8.993256
80.0,10,9.25678
41.0,10,9.258075
-35.0,10,9.259343
97.0,10,9.260567
-6.0,10,9.261784
71.0,10,9.263011
28.0,10,9.264231
26.0,10,9.265444
96.0,10,9.266664
9.0,10,9.267884
29.0,10,9.269107
18.0,10,9.270341
61.0,10,9.27157
117.0,10,9.272781
66.0,10,9.273981
40.0,10,9.27522
38.0,10,9.276434
126.0,10,9.277685
22.0,10,9.278902
23.0,10,9.280113
47.0,10,9.281315
91.0,10,9.282519
26.0,10,9.283721
8.0,10,9.284928
18.0,10,9.286139
63.0,10,9.287342
44.0,10,9.288546
114.0,10,9.289748
93.0,10,9.290951
104.0,10,9.292208
-60.0,10,9.293446
84.0,10,9.294649
40.0,10,9.295864
74.0,10,9.297072
100.0,10,9.298283
-24.0,10,9.299495
89.0,10,9.300695
-12.0,10,9.301895
63.0,10,9.303098
-6.0,10,9.30431
-49.0,10,9.305535
47.0,10,9.306748
31.0,10,9.307945
68.0,10,9.309149
18.0,10,9.310348
-7.0,10,9.311564
49.0,10,9.312776
24.0,10,9.313985
144.0,10,9.315187
61.0,10,9.316389
33.0,10,9.317601
49.0,10,9.318794
77.0,10,9.319987
-61.0,10,9.321188
71.0,10,9.322385
14.0,10,9.323581
34.0,10,9.324796
61.0,10,9.326051
0.0,10,9.327254
4.0,10,9.328454
44.0,10,9.329659
39.0,10,9.330863
73.0,10,9.332068
125.0,10,9.33327
45.0,10,9.334479
64.0,10,9.335679
34.0,10,9.336887
36.0,10,9.338089
-8.0,10,9.339302
49.0,10,9.340511
-60.0,10,9.341715
16.0,10,9.342955
20.0,10,9.344163
-42.0,10,9.345367
107.0,10,9.346566
10.0,10,9.347766
58.0,10,9.348961
35.0,10,9.350165
13.0,10,9.351362
43.0,10,9.352564
54.0,10,9.353764
51.0,10,9.354967
87.0,10,9.356167
77.0,10,9.357362
60.0,10,9.3586
74.0,10,9.359839
94.0,10,9.36104
124.0,10,9.362242
-38.0,10,9.363448
5.0,10,9.364651
91.0,10,9.365868
89.0,10,9.367066
14.0,10,9.368264
38.0,10,9.369462
23.0,10,9.370653
22.0,10,9.371853
117.0,10,9.373073
43.0,10,9.374275
-15.0,10,9.375474
56.0,10,9.376671
70.0,10,9.377874
13.0,10,9.379078
96.0,10,9.380275
79.0,10,9.381465
126.0,10,9.382668
61.0,10,9.383867
82.0,10,9.385065
1.0,10,9.386265
34.0,10,9.387464
200.0,10,9.388663
-42.0,10,9.389858
-31.0,10,9.391058
-12.0,10,9.39229
63.0,10,9.39352
91.0,10,9.394717
12.0,10,9.395928
17.0,10,9.397128
-46.0,10,9.398321
-34.0,10,9.399523
34.0,10,9.400724
77.0,10,9.401931
89.0,10,9.403146
89.0,10,9.404353
-25.0,10,9.405558
73.0,10,9.406764
26.0,10,9.407967
41.0,10,9.409191
14.0,10,9.410387
125.0,10,9.411598
124.0,10,9.412802
89.0,10,9.414002
114.0,10,9.415196
-9.0,10,9.416395
33.0,10,9.417596
-23.0,10,9.418804
87.0,10,9.420002
124.0,10,9.421201
47.0,10,9.422405
71.0,10,9.423605
57.0,10,9.424832
-61.0,10,9.426099
68.0,10,9.427297
89.0,10,9.428489
37.0,10,9.429689
-23.0,10,9.430881
9.0,10,9.432074
70.0,10,9.433274
61.0,10,9.434481
56.0,10,9.435681
-47.0,10,9.43688
19.0,10,9.438097
-12.0,10,9.439321
26.0,10,9.440518
-13.0,10,9.441718
109.0,10,9.442923
97.0,10,9.444124
45.0,10,9.445336
59.0,10,9.446543
84.0,10,9.447745
-15.0,10,9.448951
31.0,10,9.450157
32.0,10,9.451353
112.0,10,9.45254
82.0,10,9.45373
21.0,10,9.454929
98.0,10,9.45613
27.0,10,9.457329
73.0,10,9.458553
56.0,10,9.459762
0.0,10,9.460972
-20.0,10,9.462171
46.0,10,9.463374
81.0,10,9.464573
-22.0,10,9.465778
88.0,10,9.46699
-121.0,10,9.468195
75.0,10,9.469409
-36.0,10,9.470607
87.0,10,9.471804
69.0,10,9.473041
93.0,10,9.474241
35.0,10,9.475436
-1.0,10,9.476639
61.0,10,9.477838
-4.0,10,9.479034
109.0,10,9.480239
112.0,10,9.481456
74.0,10,9.482653
34.0,10,9.483857
89.0,10,9.485051
43.0,10,9.486255
-5.0,10,9.487462
23.0,10,9.488668
56.0,10,9.489862
32.0,10,9.491059
12.0,10,9.492312
64.0,10,9.493519
68.0,10,9.494712
23.0,10,9.495908
-56.0,10,9.497105
44.0,10,9.498303
56.0,10,9.499497
33.0,10,9.500714
4.0,10,9.501918
72.0,10,9.503143
-23.0,10,9.766897
68.0,10,9.76814
-53.0,10,9.76937
44.0,10,9.770613
40.0,10,9.771824
61.0,10,9.773035
47.0,10,9.77425
80.0,10,9.775454
77.0,10,9.776663
-9.0,10,9.777865
40.0,10,9.779074
8.0,10,9.780284
78.0,10,9.781489
124.0,10,9.782696
-5.0,10,9.783899
23.0,10,9.785097
-12.0,10,9.786304
109.0,10,9.78751
-12.0,10,9.788712
79.0,10,9.789918
-11.0,10,9.791116
89.0,10,9.792351
126.0,10,9.793568
26.0,10,9.794771
77.0,10,9.795974
119.0,10,9.797176
154.0,10,9.798399
117.0,10,9.799596
24.0,10,9.800792
86.0,10,9.802003
121.0,10,9.803233
77.0,10,9.804448
-14.0,10,9.805675
33.0,10,9.806877
-25.0,10,9.808074
14.0,10,9.809274
11.0,10,9.810474
50.0,10,9.811667
97.0,10,9.81287
68.0,10,9.814071
84.0,10,9.815265
-9.0,10,9.816466
8.0,10,9.817663
84.0,10,9.81888
107.0,10,9.820073
-14.0,10,9.821268
-9.0,10,9.822479
91.0,10,9.823676
-40.0,10,9.824899
119.0,10,9.826159
126.0,10,9.827354
68.0,10,9.828551
89.0,10,9.829748
66.0,10,9.830944
41.0,10,9.832138
4.0,10,9.833333
-11.0,10,9.834531
15.0,10,9.835731
119.0,10,9.836925
89.0,10,9.838117
-33.0,10,9.839325
-7.0,10,9.840536
11.0,10,9.841728
-22.0,10,9.842936
76.0,10,9.84413
62.0,10,9.845324
-22.0,10,9.846526
65.0,10,9.847722
71.0,10,9.848912
39.0,10,9.850108
2.0,10,9.851306
98.0,10,9.8525
-9.0,10,9.853692
44.0,10,9.854891
62.0,10,9.856091
32.0,10,9.857284
19.0,10,9.85852
5.0,10,9.859742
102.0,10,9.860944
45.0,10,9.862137
60.0,10,9.863345
49.0,10,9.864541
22.0,10,9.865741
63.0,10,9.866953
61.0,10,9.868148
21.0,10,9.86934
73.0,10,9.870558
23.0,10,9.871753
63.0,10,9.872968
86.0,10,9.874163
-16.0,10,9.87536
-45.0,10,9.876561
74.0,10,9.877758
4.0,10,9.878954
44.0,10,9.880151
49.0,10,9.881341
-4.0,10,9.882535
50.0,10,9.883727
21.0,10,9.884923
53.0,10,9.88613
94.0,10,9.887321
51.0,10,9.888521
72.0,10,9.889713
79.0,10,9.890902
65.0,10,9.892152
4.0,10,9.893378
69.0,10,9.894579
43.0,10,9.895787
79.0,10,9.896986
-2.0,10,9.898176
112.0,10,9.899375
109.0,10,9.900566
137.0,10,9.901761
98.0,10,9.90296
9.0,10,9.90415
124.0,10,9.905349
62.0,10,9.906562
21.0,10,9.907763
93.0,10,9.908955
119.0,10,9.910148
-30.0,10,9.911341
98.0,10,9.912539
96.0,10,9.913733
54.0,10,9.91493
-29.0,10,9.91613
25.0,10,9.917325
33.0,10,9.918522
34.0,10,9.919723
60.0,10,9.920915
49.0,10,9.92211
89.0,10,9.923308
87.0,10,9.924518
-4.0,10,9.925807
96.0,10,9.927002
33.0,10,9.928193
5.0,10,9.929418
21.0,10,9.930605
68.0,10,9.931791
78.0,10,9.93298
89.0,10,9.934175
126.0,10,9.935382
93.0,10,9.936595
17.0,10,9.937796
21.0,10,9.939008
-42.0,10,9.940196
86.0,10,9.941394
39.0,10,9.942585
50.0,10,9.943784
147.0,10,9.94499
3.0,10,9.9462
-2.0,10,9.947391
73.0,10,9.94858
61.0,10,9.949774
-10.0,10,9.950975
131.0,10,9.952171
74.0,10,9.953385
52.0,10,9.954584
49.0,10,9.955778
105.0,10,9.956972
9.0,10,9.958185
16.0,10,9.959434
20.0,10,9.96063
49.0,10,9.961826
89.0,10,9.963032
147.0,10,9.964223
23.0,10,9.965417
25.0,10,9.966617
42.0,10,9.967812
47.0,10,9.969017
28.0,10,9.970217
-55.0,10,9.971415
40.0,10,9.972621
59.0,10,9.973819
91.0,10,9.975049
56.0,10,9.976255
14.0,10,9.977444
64.0,10,9.978636
71.0,10,9.979838
94.0,10,9.981039
96.0,10,9.982229
40.0,10,9.98342
37.0,10,9.984611
96.0,10,9.985806
105.0,10,9.987006
-39.0,10,9.988192
96.0,10,9.989378
40.0,10,9.990572
9.0,10,9.991805
-13.0,10,9.993077
-25.0,10,9.994303
8.0,10,9.99549
103.0,10,9.996694
114.0,10,9.997895
21.0,10,9.999089
80.0,10,10.000283
142.0,10,10.00148
-10.0,10,10.002675
3.0,10,10.00387
29.0,10,10.00506
38.0,10,10.006273
18.0,10,10.007475
73.0,10,10.008669
103.0,10,10.009861
96.0,10,10.011056
45.0,10,10.012249
56.0,10,10.276173
14.0,10,10.277425
61.0,10,10.27866
-23.0,10,10.279891
34.0,10,10.28111
21.0,10,10.282332
112.0,10,10.283553
26.0,10,10.284765
120.0,10,10.285975
75.0,10,10.287193
82.0,10,10.288409
11.0,10,10.289619
114.0,10,10.290826
31.0,10,10.292083
-40.0,10,10.293333
75.0,10,10.294543
32.0,10,10.295777
27.0,10,10.296988
61.0,10,10.298198
126.0,10,10.299405
58.0,10,10.300618
29.0,10,10.301827
96.0,10,10.303042
97.0,10,10.304247
77.0,10,10.305475
96.0,10,10.306685
103.0,10,10.307895
96.0,10,10.309101
97.0,10,10.310313
127.0,10,10.311513
58.0,10,10.312717
119.0,10,10.313915
56.0,10,10.315121
68.0,10,10.316334
105.0,10,10.31753
-7.0,10,10.318739
10.0,10,10.319944
124.0,10,10.32116
149.0,10,10.322391
56.0,10,10.323607
126.0,10,10.324857
52.0,10,10.326099
5.0,10,10.327314
41.0,10,10.328511
121.0,10,10.329734
86.0,10,10.330936
73.0,10,10.33214
54.0,10,10.333342
-19.0,10,10.334547
17.0,10,10.335755
8.0,10,10.336992
94.0,10,10.338221
121.0,10,10.339438
68.0,10,10.340651
117.0,10,10.341871
47.0,10,10.343071
-15.0,10,10.34427
127.0,10,10.345477
11.0,10,10.346683
-26.0,10,10.347885
38.0,10,10.34909
108.0,10,10.350293
8.0,10,10.351501
114.0,10,10.352697
149.0,10,10.353899
41.0,10,10.35512
59.0,10,10.356323
21.0,10,10.357525
51.0,10,10.358761
6.0,10,10.359987
89.0,10,10.361188
66.0,10,10.362389
110.0,10,10.363591
61.0,10,10.364801
-99.0,10,10.366997
26.0,10,10.368252
119.0,10,10.371208
11.0,10,10.37508
84.0,10,10.376726
38.0,10,10.377933
1.0,10,10.379155
54.0,10,10.382059
43.0,10,10.383269
49.0,10,10.384468
13.0,10,10.385688
89.0,10,10.386903
28.0,10,10.388117
142.0,10,10.389321
81.0,10,10.390521
22.0,10,10.391718
37.0,10,10.392916
154.0,10,10.394122
119.0,10,10.395322
67.0,10,10.396521
91.0,10,10.397732
73.0,10,10.398934
54.0,10,10.400138
102.0,10,10.401348
33.0,10,10.402555
112.0,10,10.40376
87.0,10,10.40496
77.0,10,10.406157
76.0,10,10.407366
140.0,10,10.408561
-21.0,10,10.409763
79.0,10,10.410966
96.0,10,10.412162
43.0,10,10.413358
23.0,10,10.414562
131.0,10,10.415756
114.0,10,10.416959
137.0,10,10.418164
34.0,10,10.41936
-69.0,10,10.420566
93.0,10,10.42177
65.0,10,10.422966
61.0,10,10.424166
10.0,10,10.425401
96.0,10,10.426613
47.0,10,10.427808
45.0,10,10.429015
38.0,10,10.430211
38.0,10,10.431419
102.0,10,10.432618
114.0,10,10.433817
29.0,10,10.435015
53.0,10,10.436215
28.0,10,10.437418
112.0,10,10.438619
89.0,10,10.439832
6.0,10,10.441036
44.0,10,10.442239
-29.0,10,10.443448
103.0,10,10.444649
18.0,10,10.445855
21.0,10,10.447051
114.0,10,10.448252
-41.0,10,10.44945
126.0,10,10.450649
45.0,10,10.451852
102.0,10,10.453086
97.0,10,10.454288
45.0,10,10.455482
142.0,10,10.456673
93.0,10,10.457886
38.0,10,10.459116
-27.0,10,10.46033
-16.0,10,10.46154
112.0,10,10.462731
40.0,10,10.463924
105.0,10,10.465119
29.0,10,10.46632
25.0,10,10.467542
18.0,10,10.468771
29.0,10,10.469987
16.0,10,10.471191
27.0,10,10.472402
89.0,10,10.473599
77.0,10,10.474796
112.0,10,10.475996
17.0,10,10.477209
74.0,10,10.478408
96.0,10,10.479604
64.0,10,10.480812
72.0,10,10.482012
49.0,10,10.483213
70.0,10,10.48443
51.0,10,10.485661
63.0,10,10.486872
28.0,10,10.488069
52.0,10,10.48927
-6.0,10,10.490466
63.0,10,10.491663
59.0,10,10.492883
18.0,10,10.494094
45.0,10,10.495296
45.0,10,10.496502
33.0,10,10.497696
98.0,10,10.498889
91.0,10,10.500097
86.0,10,10.50133
96.0,10,10.502559
56.0,10,10.503809
8.0,10,10.505102
-2.0,10,10.506411
23.0,10,10.507646
64.0,10,10.508881
59.0,10,10.510104
-79.0,10,10.511351
101.0,10,10.512587
77.0,10,10.513874
101.0,10,10.515164
5.0,10,10.516397
-16.0,10,10.517653
114.0,10,10.518893
119.0,10,10.520135
47.0,10,10.521366
36.0,10,10.522674
40.0,10,10.523968
-7.0,10,10.525261
21.0,10,10.526497
61.0,10,10.527719
-34.0,10,10.528949
-12.0,10,10.530221
-12.0,10,10.803267
177.0,10,10.804598
26.0,10,10.805846
144.0,10,10.807075
25.0,10,10.808299
19.0,10,10.809523
142.0,10,10.810764
-65.0,10,10.81198
16.0,10,10.813204
-2.0,10,10.814422
96.0,10,10.815624
68.0,10,10.816837
39.0,10,10.818067
117.0,10,10.81928
78.0,10,10.820494
-29.0,10,10.821702
31.0,10,10.822908
16.0,10,10.824113
60.0,10,10.825358
-9.0,10,10.826591
117.0,10,10.827814
-71.0,10,10.829042
78.0,10,10.830246
101.0,10,10.831444
40.0,10,10.832649
-28.0,10,10.833857
-40.0,10,10.835073
-49.0,10,10.836283
102.0,10,10.837489
-25.0,10,10.838705
72.0,10,10.839932
-2.0,10,10.841145
-14.0,10,10.84237
91.0,10,10.843607
86.0,10,10.844814
8.0,10,10.846021
96.0,10,10.847231
61.0,10,10.848436
79.0,10,10.849643
37.0,10,10.850859
81.0,10,10.852075
91.0,10,10.853286
10.0,10,10.854496
45.0,10,10.855711
19.0,10,10.856923
18.0,10,10.858152
66.0,10,10.859409
27.0,10,10.860613
68.0,10,10.861812
79.0,10,10.863037
72.0,10,10.864257
26.0,10,10.86546
103.0,10,10.866659
-23.0,10,10.867864
-13.0,10,10.86909
147.0,10,10.870301
89.0,10,10.871519
124.0,10,10.872734
114.0,10,10.873962
51.0,10,10.875171
119.0,10,10.876386
172.0,10,10.87763
79.0,10,10.878831
86.0,10,10.880047
61.0,10,10.881252
31.0,10,10.882455
93.0,10,10.883664
126.0,10,10.884884
29.0,10,10.886087
87.0,10,10.887327
-17.0,10,10.888541
84.0,10,10.889755
71.0,10,10.890956
-33.0,10,10.892215
97.0,10,10.89345
38.0,10,10.894674
24.0,10,10.895874
66.0,10,10.897071
103.0,10,10.898273
84.0,10,10.899489
33.0,10,10.9007
21.0,10,10.901908
86.0,10,10.90311
-2.0,10,10.904321
42.0,10,10.905537
74.0,10,10.906733
0.0,10,10.907941
61.0,10,10.909183
38.0,10,10.910394
102.0,10,10.9116
19.0,10,10.912821
-2.0,10,10.91403
52.0,10,10.915228
75.0,10,10.916437
-28.0,10,10.917651
119.0,10,10.918859
-11.0,10,10.920078
74.0,10,10.921292
68.0,10,10.922502
154.0,10,10.9237
82.0,10,10.924915
142.0,10,10.926139
58.0,10,10.927347
20.0,10,10.928569
74.0,10,10.929781
101.0,10,10.930981
38.0,10,10.932185
28.0,10,10.933405
48.0,10,10.934604
-174.0,10,10.935812
52.0,10,10.937029
56.0,10,10.938237
79.0,10,10.939455
25.0,10,10.940656
39.0,10,10.941857
66.0,10,10.943068
32.0,10,10.944267
-17.0,10,10.945467
39.0,10,10.946684
200.0,10,10.947913
144.0,10,10.949112
27.0,10,10.950319
41.0,10,10.951533
36.0,10,10.95274
63.0,10,10.953947
131.0,10,10.955156
-44.0,10,10.956354
49.0,10,10.957554
31.0,10,10.958788
54.0,10,10.960014
53.0,10,10.961219
72.0,10,10.962438
-48.0,10,10.963645
84.0,10,10.964853
112.0,10,10.966056
98.0,10,10.967257
86.0,10,10.968454
47.0,10,10.969676
43.0,10,10.970877
82.0,10,10.97209
96.0,10,10.973309
89.0,10,10.974512
70.0,10,10.975737
89.0,10,10.976937
54.0,10,10.978135
89.0,10,10.979343
49.0,10,10.980536
94.0,10,10.981747
24.0,10,10.982953
45.0,10,10.984161
131.0,10,10.985359
126.0,10,10.986559
48.0,10,10.987765
41.0,10,10.988957
31.0,10,10.990149
6.0,10,10.991377
56.0,10,10.992573
-15.0,10,10.993775
91.0,10,10.994977
91.0,10,10.996179
91.0,10,10.997384
94.0,10,10.99861
45.0,10,10.999804
112.0,10,11.001006
89.0,10,11.002199
16.0,10,11.003399
73.0,10,11.004594
56.0,10,11.005798
31.0,10,11.007051
-58.0,10,11.008364
61.0,10,11.009789
-58.0,10,11.011088
124.0,10,11.012333
59.0,10,11.013578
68.0,10,11.014832
-19.0,10,11.016091
10.0,10,11.017319
114.0,10,11.018548
59.0,10,11.019771
144.0,10,11.021002
17.0,10,11.022214
149.0,10,11.023428
51.0,10,11.024699
75.0,10,11.025934
102.0,10,11.027145
96.0,10,11.028352
68.0,10,11.029584
68.0,10,11.030789
77.0,10,11.032015
36.0,10,11.033237
16.0,10,11.034443
50.0,10,11.035655
56.0,10,11.036873
73.0,10,11.038104
74.0,10,11.039325
110.0,10,11.04053
96.0,10,11.041749
66.0,10,11.042981
32.0,10,11.044185
73.0,10,11.045391
73.0,10,11.046609
19.0,10,11.047831
112.0,10,11.049042
119.0,10,11.050259
89.0,10,11.051464
119.0,10,11.317129
119.0,10,11.318415
87.0,10,11.319654
98.0,10,11.320885
71.0,10,11.322105
70.0,10,11.323329
36.0,10,11.324555
119.0,10,11.325833
67.0,10,11.327046
66.0,10,11.328254
-80.0,10,11.329465
70.0,10,11.330681
45.0,10,11.331891
91.0,10,11.333114
142.0,10,11.33433
38.0,10,11.33554
51.0,10,11.336756
124.0,10,11.337972
102.0,10,11.3392
75.0,10,11.340418
14.0,10,11.341639
66.0,10,11.342849
109.0,10,11.344058
28.0,10,11.345265
56.0,10,11.346478
-2.0,10,11.347681
57.0,10,11.348887
-95.0,10,11.350104
48.0,10,11.35132
73.0,10,11.35252
112.0,10,11.353725
124.0,10,11.354937
23.0,10,11.356142
-10.0,10,11.357339
56.0,10,11.358611
53.0,10,11.359851
119.0,10,11.361085
51.0,10,11.36229
95.0,10,11.363513
149.0,10,11.364713
-57.0,10,11.365923
14.0,10,11.367145
114.0,10,11.36836
54.0,10,11.36956
71.0,10,11.370777
79.0,10,11.371982
73.0,10,11.373205
-1.0,10,11.374412
72.0,10,11.375616
149.0,10,11.376822
23.0,10,11.378033
91.0,10,11.37924
30.0,10,11.380439
40.0,10,11.381644
114.0,10,11.382857
172.0,10,11.38407
14.0,10,11.385272
48.0,10,11.386485
101.0,10,11.38769
16.0,10,11.388888
-18.0,10,11.390101
119.0,10,11.391336
91.0,10,11.392587
68.0,10,11.393786
79.0,10,11.394985
73.0,10,11.396186
81.0,10,11.39739
110.0,10,11.398589
77.0,10,11.399789
66.0,10,11.400995
72.0,10,11.40221
36.0,10,11.403418
91.0,10,11.404617
5.0,10,11.405838
54.0,10,11.407055
60.0,10,11.408251
63.0,10,11.409458
66.0,10,11.410662
82.0,10,11.411863
38.0,10,11.413067
-20.0,10,11.41426
-3.0,10,11.415458
154.0,10,11.416661
24.0,10,11.417856
29.0,10,11.419064
93.0,10,11.420272
76.0,10,11.421491
35.0,10,11.422693
59.0,10,11.423889
99.0,10,11.425139
41.0,10,11.426376
124.0,10,11.42758
-40.0,10,11.428777
-4.0,10,11.429995
119.0,10,11.431195
109.0,10,11.432395
66.0,10,11.433604
-3.0,10,11.43482
38.0,10,11.436015
98.0,10,11.437217
-53.0,10,11.438421
-2.0,10,11.439616
91.0,10,11.440831
43.0,10,11.442027
35.0,10,11.44324
11.0,10,11.444441
59.0,10,11.445638
-8.0,10,11.446849
79.0,10,11.448047
81.0,10,11.449242
-5.0,10,11.450445
82.0,10,11.451641
84.0,10,11.452865
3.0,10,11.454056
71.0,10,11.455254
131.0,10,11.456448
155.0,10,11.457644
91.0,10,11.458867
75.0,10,11.460088
68.0,10,11.461291
172.0,10,11.462508
97.0,10,11.463717
71.0,10,11.464914
43.0,10,11.466114
112.0,10,11.467317
32.0,10,11.468522
103.0,10,11.469728
149.0,10,11.470929
147.0,10,11.472141
74.0,10,11.473346
35.0,10,11.474554
68.0,10,11.475748
38.0,10,11.476954
24.0,10,11.478153
23.0,10,11.47935
71.0,10,11.480551
59.0,10,11.481749
91.0,10,11.482949
59.0,10,11.484153
39.0,10,11.48536
69.0,10,11.486571
26.0,10,11.487776
132.0,10,11.48902
3.0,10,11.490218
147.0,10,11.491439
119.0,10,11.492678
89.0,10,11.493877
-41.0,10,11.495108
-101.0,10,11.49631
-6.0,10,11.497533
96.0,10,11.498729
69.0,10,11.49992
57.0,10,11.501129
-3.0,10,11.502324
40.0,10,11.503522
27.0,10,11.504718
31.0,10,11.505935
5.0,10,11.507161
-67.0,10,11.508357
112.0,10,11.509554
-7.0,10,11.510753
59.0,10,11.511953
59.0,10,11.513172
-61.0,10,11.514372
-18.0,10,11.515568
31.0,10,11.516775
78.0,10,11.517974
12.0,10,11.519192
93.0,10,11.520404
44.0,10,11.521604
86.0,10,11.522797
56.0,10,11.523993
126.0,10,11.525191
91.0,10,11.526392
121.0,10,11.527593
-57.0,10,11.52879
45.0,10,11.529988
23.0,10,11.531185
41.0,10,11.532402
75.0,10,11.533603
112.0,10,11.534804
74.0,10,11.536007
61.0,10,11.537241
86.0,10,11.538447
38.0,10,11.539679
61.0,10,11.540881
96.0,10,11.542122
48.0,10,11.543326
17.0,10,11.54452
51.0,10,11.545728
45.0,10,11.546921
49.0,10,11.548119
80.0,10,11.549321
10.0,10,11.550541
64.0,10,11.551737
121.0,10,11.552935
-11.0,10,11.554128
8.0,10,11.555328
72.0,10,11.556528
44.0,10,11.557721
36.0,10,11.558987
38.0,10,11.560237
41.0,10,11.561433
86.0,10,11.562632
91.0,10,11.563836
68.0,10,11.828799
71.0,10,11.830054
64.0,10,11.831288
-72.0,10,11.832517
170.0,10,11.833735
154.0,10,11.834955
-8.0,10,11.836167
33.0,10,11.837379
-25.0,10,11.838588
28.0,10,11.839799
51.0,10,11.841031
89.0,10,11.842231
-25.0,10,11.843438
108.0,10,11.844646
147.0,10,11.845852
96.0,10,11.847056
40.0,10,11.848268
149.0,10,11.849471
29.0,10,11.850677
24.0,10,11.851876
68.0,10,11.853097
41.0,10,11.854298
89.0,10,11.855501
41.0,10,11.856704
91.0,10,11.857922
91.0,10,11.859185
45.0,10,11.860394
126.0,10,11.861606
-31.0,10,11.86281
91.0,10,11.864011
121.0,10,11.865226
66.0,10,11.866432
144.0,10,11.867633
31.0,10,11.86884
96.0,10,11.870042
84.0,10,11.871241
91.0,10,11.872453
26.0,10,11.873653
21.0,10,11.874845
43.0,10,11.87606
103.0,10,11.877261
67.0,10,11.878482
1.0,10,11.879688
112.0,10,11.880889
1.0,10,11.882091
119.0,10,11.883291
5.0,10,11.884487
22.0,10,11.885687
36.0,10,11.886891
93.0,10,11.888087
78.0,10,11.889284
61.0,10,11.890488
39.0,10,11.891734
56.0,10,11.892994
66.0,10,11.894204
31.0,10,11.895401
96.0,10,11.896594
6.0,10,11.897796
117.0,10,11.898989
10.0,10,11.900184
5.0,10,11.901375
61.0,10,11.902568
68.0,10,11.903765
103.0,10,11.904959
49.0,10,11.906153
46.0,10,11.907347
121.0,10,11.908555
27.0,10,11.909755
137.0,10,11.910954
114.0,10,11.912157
84.0,10,11.913355
119.0,10,11.914555
121.0,10,11.915748
-36.0,10,11.916952
38.0,10,11.918155
102.0,10,11.919356
80.0,10,11.920574
12.0,10,11.921771
121.0,10,11.922971
32.0,10,11.924167
154.0,10,11.925449
110.0,10,11.926652
61.0,10,11.927851
124.0,10,11.929057
61.0,10,11.930257
62.0,10,11.931465
117.0,10,11.932658
46.0,10,11.933863
3.0,10,11.935059
75.0,10,11.936249
90.0,10,11.937449
66.0,10,11.938646
-18.0,10,11.939844
61.0,10,11.941071
121.0,10,11.94227
177.0,10,11.943481
98.0,10,11.944677
31.0,10,11.94587
80.0,10,11.947073
131.0,10,11.948273
49.0,10,11.949486
66.0,10,11.950684
170.0,10,11.951882
-13.0,10,11.953085
112.0,10,11.95429
114.0,10,11.955502
126.0,10,11.956706
23.0,10,11.9579
38.0,10,11.959192
33.0,10,11.96041
89.0,10,11.961613
96.0,10,11.962807
135.0,10,11.963995
31.0,10,11.965199
142.0,10,11.966392
44.0,10,11.967587
124.0,10,11.968788
28.0,10,11.969981
126.0,10,11.971176
22.0,10,11.97239
28.0,10,11.97358
16.0,10,11.974777
96.0,10,11.975977
58.0,10,11.977186
73.0,10,11.978388
15.0,10,11.979598
124.0,10,11.980796
28.0,10,11.981992
66.0,10,11.983184
84.0,10,11.984385
5.0,10,11.985586
14.0,10,11.986784
30.0,10,11.987994
-31.0,10,11.9892
58.0,10,11.990397
47.0,10,11.991637
84.0,10,11.992853
85.0,10,11.994054
40.0,10,11.995255
135.0,10,11.996454
97.0,10,11.99765
48.0,10,11.998848
79.0,10,12.000045
149.0,10,12.001238
96.0,10,12.00243
74.0,10,12.003625
21.0,10,12.004823
79.0,10,12.006021
-33.0,10,12.00721
48.0,10,12.008407
68.0,10,12.009595
127.0,10,12.010793
40.0,10,12.011989
98.0,10,12.013181
-20.0,10,12.014378
-61.0,10,12.015575
-27.0,10,12.016773
52.0,10,12.017983
66.0,10,12.019179
114.0,10,12.020383
96.0,10,12.021575
-31.0,10,12.022763
119.0,10,12.02396
119.0,10,12.025156
119.0,10,12.026384
131.0,10,12.02758
53.0,10,12.028789
114.0,10,12.029992
68.0,10,12.031181
18.0,10,12.032386
67.0,10,12.033578
121.0,10,12.034776
98.0,10,12.035973
104.0,10,12.037176
33.0,10,12.038379
74.0,10,12.039591
63.0,10,12.040801
3.0,10,12.042019
41.0,10,12.043221
80.0,10,12.044431
88.0,10,12.045637
5.0,10,12.046825
63.0,10,12.048044
72.0,10,12.049242
112.0,10,12.050449
-54.0,10,12.051649
66.0,10,12.052851
-34.0,10,12.054053
130.0,10,12.055258
-4.0,10,12.056463
72.0,10,12.057656
10.0,10,12.058877
56.0,10,12.060105
96.0,10,12.061312
59.0,10,12.062523
-9.0,10,12.063723
52.0,10,12.06492
77.0,10,12.066111
112.0,10,12.067332
40.0,10,12.068536
46.0,10,12.069745
-37.0,10,12.070959
110.0,10,12.072178
66.0,10,12.073381
10.0,10,12.07457
3.0,10,12.338703
3.0,10,12.339991
84.0,10,12.34126
72.0,10,12.342516
-58.0,10,12.343771
154.0,10,12.344983
119.0,10,12.346201
28.0,10,12.347429
-35.0,10,12.348648
67.0,10,12.349862
142.0,10,12.351075
62.0,10,12.352291
-19.0,10,12.353503
177.0,10,12.354718
29.0,10,12.35594
26.0,10,12.357151
33.0,10,12.358366
14.0,10,12.359586
55.0,10,12.360789
73.0,10,12.361993
114.0,10,12.363232
89.0,10,12.364447
96.0,10,12.365652
23.0,10,12.366874
96.0,10,12.36809
93.0,10,12.369303
55.0,10,12.370525
119.0,10,12.371725
43.0,10,12.372934
40.0,10,12.374149
86.0,10,12.375384
80.0,10,12.376584
46.0,10,12.377799
36.0,10,12.379004
11.0,10,12.380205
149.0,10,12.381408
91.0,10,12.382608
124.0,10,12.383825
77.0,10,12.385038
154.0,10,12.386246
86.0,10,12.38747
29.0,10,12.388678
42.0,10,12.389896
131.0,10,12.391103
87.0,10,12.39232
94.0,10,12.393525
126.0,10,12.394735
61.0,10,12.395934
9.0,10,12.397144
79.0,10,12.398355
49.0,10,12.399554
79.0,10,12.400766
40.0,10,12.401978
14.0,10,12.403184
94.0,10,12.404394
-4.0,10,12.405593
131.0,10,12.406794
26.0,10,12.408015
112.0,10,12.409225
117.0,10,12.410442
56.0,10,12.411649
7.0,10,12.41288
21.0,10,12.414074
73.0,10,12.415283
154.0,10,12.416484
39.0,10,12.41769
124.0,10,12.418887
142.0,10,12.420104
-48.0,10,12.42131
82.0,10,12.422538
58.0,10,12.423742
-27.0,10,12.424961
-3.0,10,12.426172
37.0,10,12.42739
96.0,10,12.428599
78.0,10,12.429802
10.0,10,12.43101
-30.0,10,12.432207
59.0,10,12.433408
63.0,10,12.434611
38.0,10,12.435825
91.0,10,12.43703
98.0,10,12.438233
91.0,10,12.439433
99.0,10,12.440655
17.0,10,12.441904
126.0,10,12.443147
98.0,10,12.444354
154.0,10,12.445576
-35.0,10,12.446791
126.0,10,12.447992
-41.0,10,12.449202
82.0,10,12.450397
84.0,10,12.451626
117.0,10,12.45284
-21.0,10,12.454045
73.0,10,12.455251
98.0,10,12.456468
119.0,10,12.457679
-26.0,10,12.458896
66.0,10,12.460092
68.0,10,12.461287
117.0,10,12.462486
-9.0,10,12.463686
-45.0,10,12.464882
68.0,10,12.466081
21.0,10,12.467296
34.0,10,12.468505
77.0,10,12.469701
20.0,10,12.470905
5.0,10,12.472105
172.0,10,12.473303
126.0,10,12.474526
147.0,10,12.475765
11.0,10,12.476984
15.0,10,12.478195
43.0,10,12.479403
137.0,10,12.480598
102.0,10,12.481796
31.0,10,12.482989
-72.0,10,12.484203
170.0,10,12.485412
40.0,10,12.486631
131.0,10,12.487849
96.0,10,12.489073
58.0,10,12.490282
16.0,10,12.491491
-29.0,10,12.492739
131.0,10,12.493948
46.0,10,12.495158
71.0,10,12.49636
3.0,10,12.497563
98.0,10,12.498767
47.0,10,12.499965
54.0,10,12.50116
36.0,10,12.502368
96.0,10,12.503567
121.0,10,12.504758
96.0,10,12.505964
47.0,10,12.507164
112.0,10,12.508396
80.0,10,12.50962
101.0,10,12.510825
39.0,10,12.512025
-12.0,10,12.51324
82.0,10,12.514441
73.0,10,12.515644
33.0,10,12.516866
71.0,10,12.518073
119.0,10,12.519275
51.0,10,12.52049
-21.0,10,12.521692
33.0,10,12.522901
89.0,10,12.524095
98.0,10,12.525286
131.0,10,12.526487
73.0,10,12.527695
96.0,10,12.528894
93.0,10,12.530102
76.0,10,12.531299
71.0,10,12.532496
70.0,10,12.5337
22.0,10,12.534897
147.0,10,12.536095
89.0,10,12.537297
71.0,10,12.538512
46.0,10,12.539709
79.0,10,12.540907
43.0,10,12.542178
86.0,10,12.543396
44.0,10,12.544602
79.0,10,12.545795
-20.0,10,12.546991
40.0,10,12.548189
61.0,10,12.549392
82.0,10,12.550595
86.0,10,12.551796
45.0,10,12.553004
84.0,10,12.554209
51.0,10,12.555436
68.0,10,12.556663
17.0,10,12.557887
71.0,10,12.559096
142.0,10,12.560311
54.0,10,12.561515
-7.0,10,12.56272
38.0,10,12.563919
41.0,10,12.565121
93.0,10,12.566324
98.0,10,12.567523
82.0,10,12.568716
15.0,10,12.569914
108.0,10,12.571112
16.0,10,12.572312
22.0,10,12.57351
1.0,10,12.574709
112.0,10,12.57598
48.0,10,12.577181
66.0,10,12.578405
126.0,10,12.579602
155.0,10,12.580803
21.0,10,12.582013
121.0,10,12.58321
31.0,10,12.584407
61.0,10,12.585605
