#{"t_start": 1784595293.677671, "env_id": "None"}
r,l,t
-181.0,10,0.004005
-156.0,10,0.006881
-94.0,10,0.009681
-77.0,10,0.012569
-32.0,10,0.015343
-166.0,10,0.018095
-68.0,10,0.020856
-84.0,10,0.023608
-162.0,10,0.026356
56.0,10,0.029124
-12.0,10,0.031914
54.0,10,0.034644
-109.0,10,0.037394
-77.0,10,0.040139
-22.0,10,0.042914
-66.0,10,0.045629
-69.0,10,0.048386
-45.0,10,0.051162
-92.0,10,0.053868
4.0,10,0.05658
-111.0,10,0.059325
24.0,10,0.062013
-52.0,10,0.064713
-90.0,10,0.067555
-43.0,10,0.070311
-28.0,10,0.073027
-82.0,10,0.075722
-62.0,10,0.078426
-111.0,10,0.081168
-53.0,10,0.083934
-135.0,10,0.086664
-35.0,10,0.089388
-70.0,10,0.092125
-8.0,10,0.094863
-18.0,10,0.097548
-156.0,10,0.100327
-71.0,10,0.103112
14.0,10,0.105825
-75.0,10,0.108547
-112.0,10,0.111301
-60.0,10,0.114045
-91.0,10,0.116771
-86.0,10,0.119469
-24.0,10,0.122208
-47.0,10,0.124927
-14.0,10,0.127646
-79.0,10,0.130385
-83.0,10,0.133114
-25.0,10,0.135831
-19.0,10,0.138555
-101.0,10,0.14217
-70.0,10,0.144969
-11.0,10,0.147749
5.0,10,0.15051
-76.0,10,0.153301
-49.0,10,0.156039
-31.0,10,0.158736
23.0,10,0.161445
-13.0,10,0.164138
-1.0,10,0.166937
-79.0,10,0.169695
-117.0,10,0.172423
-24.0,10,0.17518
-119.0,10,0.177923
-44.0,10,0.180679
-55.0,10,0.183403
-52.0,10,0.186119
-105.0,10,0.188869
-82.0,10,0.191563
-82.0,10,0.194302
-76.0,10,0.197023
12.0,10,0.19976
-101.0,10,0.202487
-1.0,10,0.2052
-26.0,10,0.207913
-44.0,10,0.210632
34.0,10,0.213369
-83.0,10,0.216097
-24.0,10,0.218808
-70.0,10,0.221496
-17.0,10,0.224201
9.0,10,0.226903
35.0,10,0.229619
9.0,10,0.232385
-86.0,10,0.235146
-42.0,10,0.237867
-14.0,10,0.240571
-34.0,10,0.243258
-51.0,10,0.246009
15.0,10,0.248725
14.0,10,0.251466
-59.0,10,0.254218
33.0,10,0.256936
-70.0,10,0.259658
-1.0,10,0.262387
-49.0,10,0.265146
-77.0,10,0.267877
-31.0,10,0.270579
-32.0,10,0.273305
26.0,10,0.276012
-77.0,10,0.279552
-35.0,10,0.282356
-91.0,10,0.285079
63.0,10,0.287785
-66.0,10,0.290504
-89.0,10,0.293231
-81.0,10,0.295961
-12.0,10,0.29867
-12.0,10,0.301454
-147.0,10,0.304161
-122.0,10,0.306877
79.0,10,0.309587
-80.0,10,0.312288
7.0,10,0.315018
-27.0,10,0.317763
4.0,10,0.320534
40.0,10,0.323232
-77.0,10,0.325927
-75.0,10,0.328702
-19.0,10,0.33147
14.0,10,0.334264
-36.0,10,0.336963
-97.0,10,0.339681
-55.0,10,0.342412
-87.0,10,0.345151
-46.0,10,0.347897
-46.0,10,0.350613
17.0,10,0.353325
-27.0,10,0.356035
-136.0,10,0.358758
-29.0,10,0.361496
-156.0,10,0.364253
-43.0,10,0.367068
-36.0,10,0.369835
-51.0,10,0.372568
61.0,10,0.375308
-27.0,10,0.378047
-28.0,10,0.380785
-243.0,10,0.38355
-34.0,10,0.386297
26.0,10,0.388989
-31.0,10,0.39171
-26.0,10,0.394416
-155.0,10,0.397133
-106.0,10,0.399875
-16.0,10,0.402592
-23.0,10,0.405308
-84.0,10,0.408029
16.0,10,0.410749
-16.0,10,0.413465
-1.0,10,0.417011
-150.0,10,0.419832
-37.0,10,0.42256
-56.0,10,0.425261
-81.0,10,0.427999
43.0,10,0.430742
2.0,10,0.433515
-30.0,10,0.436203
-30.0,10,0.438899
22.0,10,0.441598
45.0,10,0.44431
3.0,10,0.447059
-1.0,10,0.449807
-33.0,10,0.452523
75.0,10,0.455247
-15.0,10,0.457962
-70.0,10,0.460716
-45.0,10,0.463458
-47.0,10,0.466218
18.0,10,0.468931
-84.0,10,0.47165
-107.0,10,0.474369
27.0,10,0.477134
-107.0,10,0.479844
-22.0,10,0.482529
-46.0,10,0.485304
4.0,10,0.488007
-14.0,10,0.490722
37.0,10,0.493448
86.0,10,0.496135
8.0,10,0.498906
96.0,10,0.501644
-15.0,10,0.504369
10.0,10,0.507048
-7.0,10,0.509795
-10.0,10,0.512501
-76.0,10,0.515227
-85.0,10,0.517978
-82.0,10,0.520675
20.0,10,0.523365
-53.0,10,0.52612
79.0,10,0.52882
-47.0,10,0.531564
-30.0,10,0.534312
11.0,10,0.537033
-18.0,10,0.539759
5.0,10,0.542459
-60.0,10,0.545161
-49.0,10,0.547877
6.0,10,0.550584
-75.0,10,0.554082
-2.0,10,0.55686
5.0,10,0.559634
-108.0,10,0.562369
-22.0,10,0.56509
-21.0,10,0.567881
-52.0,10,0.570617
-172.0,10,0.573321
-114.0,10,0.576076
-94.0,10,0.578844
54.0,10,0.581578
-52.0,10,0.584339
-122.0,10,0.587069
-96.0,10,0.589788
-1.0,10,0.592532
-23.0,10,0.595251
35.0,10,0.597992
75.0,10,0.600772
-17.0,10,0.603493
-28.0,10,0.606255
-10.0,10,0.608972
22.0,10,0.611669
-84.0,10,0.614429
-82.0,10,0.617161
-19.0,10,0.619905
3.0,10,0.622646
-111.0,10,0.625367
67.0,10,0.628067
-24.0,10,0.630766
-67.0,10,0.633546
38.0,10,0.636278
-44.0,10,0.639028
-7.0,10,0.641752
-32.0,10,0.644506
-27.0,10,0.647233
-67.0,10,0.649926
-7.0,10,0.652617
-62.0,10,0.655304
-29.0,10,0.658019
-65.0,10,0.660739
-9.0,10,0.66344
-99.0,10,0.666211
-14.0,10,0.668952
42.0,10,0.67169
-17.0,10,0.674388
-11.0,10,0.677083
-47.0,10,0.679784
-69.0,10,0.682494
54.0,10,0.685198
9.0,10,0.687967
-47.0,10,0.691421
22.0,10,0.694147
-34.0,10,0.696882
-66.0,10,0.699675
-114.0,10,0.702443
-91.0,10,0.705158
49.0,10,0.70787
-12.0,10,0.710635
-9.0,10,0.713382
-37.0,10,0.716112
21.0,10,0.718843
-28.0,10,0.721626
-55.0,10,0.724347
23.0,10,0.727084
51.0,10,0.729844
45.0,10,0.73262
-30.0,10,0.735335
-131.0,10,0.738073
-4.0,10,0.740797
-14.0,10,0.743543
-62.0,10,0.746275
-26.0,10,0.749007
-3.0,10,0.751754
13.0,10,0.754518
-63.0,10,0.757227
0.0,10,0.759965
-88.0,10,0.762671
46.0,10,0.765374
-76.0,10,0.768088
1.0,10,0.770807
11.0,10,0.77351
-34.0,10,0.776249
-12.0,10,0.778962
-39.0,10,0.781666
10.0,10,0.784369
61.0,10,0.787141
-66.0,10,0.789875
23.0,10,0.792604
-48.0,10,0.795348
40.0,10,0.798057
31.0,10,0.800774
16.0,10,0.803476
-15.0,10,0.80618
124.0,10,0.808883
-44.0,10,0.811593
-2.0,10,0.814271
-107.0,10,0.816956
-42.0,10,0.819663
49.0,10,0.822353
-9.0,10,0.825084
-138.0,10,0.828395
49.0,10,0.831155
-40.0,10,0.833925
3.0,10,0.836688
-101.0,10,0.839434
89.0,10,0.842139
-47.0,10,0.844867
26.0,10,0.847602
7.0,10,0.85038
27.0,10,0.853102
-6.0,10,0.855839
7.0,10,0.858566
28.0,10,0.861278
-89.0,10,0.863979
-40.0,10,0.866711
49.0,10,0.869442
19.0,10,0.872142
-27.0,10,0.874876
72.0,10,0.877614
81.0,10,0.880349
63.0,10,0.883055
-20.0,10,0.88577
73.0,10,0.888503
-115.0,10,0.891218
19.0,10,0.893951
58.0,10,0.896636
-50.0,10,0.899335
19.0,10,0.902038
84.0,10,0.904795
-24.0,10,0.907525
21.0,10,0.910273
-7.0,10,0.913018
-45.0,10,0.915778
-60.0,10,0.918496
-36.0,10,0.921206
-19.0,10,0.923915
-36.0,10,0.926601
-25.0,10,0.929294
-27.0,10,0.932024
-71.0,10,0.934809
-66.0,10,0.937533
-27.0,10,0.940253
-49.0,10,0.942986
86.0,10,0.945752
-47.0,10,0.948505
89.0,10,0.951206
38.0,10,0.953926
-37.0,10,0.956641
-102.0,10,0.959345
-44.0,10,0.962069
-60.0,10,0.965671
-16.0,10,0.968407
-2.0,10,0.971167
12.0,10,0.973892
63.0,10,0.976619
28.0,10,0.979339
-75.0,10,0.982097
-2.0,10,0.984849
-14.0,10,0.987574
-49.0,10,0.990304
74.0,10,0.992991
-72.0,10,0.995683
68.0,10,0.998406
5.0,10,1.001137
56.0,10,1.003857
-19.0,10,1.006554
-4.0,10,1.009256
-27.0,10,1.011984
-75.0,10,1.014719
67.0,10,1.017439
-76.0,10,1.02016
16.0,10,1.02288
91.0,10,1.025642
-42.0,10,1.028353
-49.0,10,1.031032
14.0,10,1.0338
20.0,10,1.036532
10.0,10,1.039252
31.0,10,1.041953
7.0,10,1.044695
-105.0,10,1.047469
0.0,10,1.050171
35.0,10,1.05289
19.0,10,1.055606
16.0,10,1.058311
-59.0,10,1.061034
-39.0,10,1.063748
40.0,10,1.066513
-4.0,10,1.069267
11.0,10,1.071982
-27.0,10,1.074695
-22.0,10,1.077394
5.0,10,1.080143
57.0,10,1.082857
-70.0,10,1.085564
38.0,10,1.088308
-26.0,10,1.091011
149.0,10,1.093739
14.0,10,1.096449
-10.0,10,1.099163
0.0,10,1.102721
-28.0,10,1.105521
-61.0,10,1.108249
21.0,10,1.111011
117.0,10,1.113738
75.0,10,1.116459
42.0,10,1.119167
8.0,10,1.121898
-109.0,10,1.124631
-44.0,10,1.127357
9.0,10,1.130046
34.0,10,1.132813
-3.0,10,1.135533
14.0,10,1.138318
26.0,10,1.141031
63.0,10,1.143763
10.0,10,1.146501
21.0,10,1.149194
12.0,10,1.151955
-77.0,10,1.154692
40.0,10,1.157413
-3.0,10,1.160134
97.0,10,1.162821
-118.0,10,1.165597
3.0,10,1.168402
29.0,10,1.171135
25.0,10,1.173852
63.0,10,1.176593
72.0,10,1.179359
-3.0,10,1.182057
-8.0,10,1.184777
-2.0,10,1.187522
-14.0,10,1.190223
24.0,10,1.192946
17.0,10,1.195643
-107.0,10,1.198356
17.0,10,1.201123
23.0,10,1.20383
51.0,10,1.206538
33.0,10,1.209292
9.0,10,1.212013
-34.0,10,1.214722
-22.0,10,1.217453
4.0,10,1.220153
24.0,10,1.222844
-62.0,10,1.225567
45.0,10,1.228266
31.0,10,1.23097
29.0,10,1.233759
-133.0,10,1.236479
-72.0,10,1.240117
59.0,10,1.24294
43.0,10,1.245703
49.0,10,1.24851
20.0,10,1.251286
73.0,10,1.254034
36.0,10,1.256767
38.0,10,1.259501
27.0,10,1.262234
6.0,10,1.264956
-9.0,10,1.267673
18.0,10,1.270381
-15.0,10,1.273116
-48.0,10,1.275838
79.0,10,1.278554
35.0,10,1.281258
56.0,10,1.283993
71.0,10,1.286697
-31.0,10,1.289397
-56.0,10,1.292107
51.0,10,1.294869
0.0,10,1.297575
62.0,10,1.300354
71.0,10,1.303075
-17.0,10,1.305776
-32.0,10,1.308473
14.0,10,1.311218
33.0,10,1.313966
56.0,10,1.316665
33.0,10,1.319367
-31.0,10,1.322082
-86.0,10,1.32481
112.0,10,1.327527
-44.0,10,1.330251
-36.0,10,1.332974
56.0,10,1.335676
14.0,10,1.338405
-21.0,10,1.341124
62.0,10,1.343836
73.0,10,1.346544
29.0,10,1.349271
-36.0,10,1.35198
5.0,10,1.354689
31.0,10,1.357407
-7.0,10,1.360139
-14.0,10,1.362854
44.0,10,1.365612
-19.0,10,1.368373
21.0,10,1.371114
26.0,10,1.373847
-85.0,10,1.377487
33.0,10,1.380278
81.0,10,1.382993
10.0,10,1.3857
39.0,10,1.388427
68.0,10,1.391134
16.0,10,1.393834
-60.0,10,1.396519
49.0,10,1.399214
73.0,10,1.401915
-15.0,10,1.404674
68.0,10,1.407369
-10.0,10,1.410101
26.0,10,1.41284
44.0,10,1.415557
91.0,10,1.418251
-5.0,10,1.420951
43.0,10,1.423655
-24.0,10,1.426414
51.0,10,1.429099
-9.0,10,1.431802
50.0,10,1.434565
131.0,10,1.437282
30.0,10,1.439981
52.0,10,1.442729
-27.0,10,1.44547
38.0,10,1.448202
15.0,10,1.450915
-15.0,10,1.453609
-14.0,10,1.456329
24.0,10,1.459034
96.0,10,1.461767
-2.0,10,1.464494
78.0,10,1.467284
-26.0,10,1.470029
54.0,10,1.472767
17.0,10,1.475483
32.0,10,1.4782
84.0,10,1.480927
-20.0,10,1.483653
-53.0,10,1.486363
-32.0,10,1.489055
-21.0,10,1.491787
-19.0,10,1.494507
41.0,10,1.497219
5.0,10,1.49999
-39.0,10,1.50272
49.0,10,1.505415
21.0,10,1.50813
61.0,10,1.510835
21.0,10,1.514405
-19.0,10,1.517207
6.0,10,1.519948
-15.0,10,1.522724
11.0,10,1.525462
121.0,10,1.528171
-1.0,10,1.530882
98.0,10,1.533692
91.0,10,1.536407
4.0,10,1.539138
-20.0,10,1.541848
22.0,10,1.544541
-44.0,10,1.547276
70.0,10,1.549985
101.0,10,1.552717
33.0,10,1.555459
44.0,10,1.558163
26.0,10,1.560872
147.0,10,1.563562
-32.0,10,1.566285
-167.0,10,1.568961
-7.0,10,1.571681
107.0,10,1.574407
-113.0,10,1.577114
47.0,10,1.579827
58.0,10,1.58253
65.0,10,1.58524
31.0,10,1.587935
119.0,10,1.590643
31.0,10,1.59336
51.0,10,1.596074
-2.0,10,1.598815
22.0,10,1.601567
-66.0,10,1.604273
86.0,10,1.606979
21.0,10,1.609657
-29.0,10,1.612341
-18.0,10,1.615024
103.0,10,1.617757
45.0,10,1.620548
-44.0,10,1.623275
-32.0,10,1.625994
-81.0,10,1.628708
81.0,10,1.631421
10.0,10,1.634211
80.0,10,1.636922
91.0,10,1.639657
5.0,10,1.642365
87.0,10,1.645081
73.0,10,1.647826
68.0,10,1.6514
63.0,10,1.654152
28.0,10,1.656881
68.0,10,1.6596
68.0,10,1.662301
26.0,10,1.665031
142.0,10,1.667815
27.0,10,1.670527
27.0,10,1.673262
19.0,10,1.675983
38.0,10,1.678699
44.0,10,1.681405
38.0,10,1.684093
-23.0,10,1.686838
-72.0,10,1.689548
56.0,10,1.692243
38.0,10,1.69495
-25.0,10,1.697669
96.0,10,1.700433
-60.0,10,1.703155
63.0,10,1.705876
-2.0,10,1.708623
79.0,10,1.711373
-36.0,10,1.714136
-57.0,10,1.716851
-88.0,10,1.719576
-9.0,10,1.722313
40.0,10,1.725053
29.0,10,1.727757
-62.0,10,1.730511
79.0,10,1.733312
39.0,10,1.736037
-9.0,10,1.738723
85.0,10,1.741443
-15.0,10,1.744143
-25.0,10,1.746883
10.0,10,1.749592
58.0,10,1.752355
-37.0,10,1.755081
31.0,10,1.757802
8.0,10,1.760498
86.0,10,1.763208
34.0,10,1.766003
36.0,10,1.768733
51.0,10,1.771464
39.0,10,1.774169
56.0,10,1.776859
-101.0,10,1.77958
5.0,10,1.782276
-2.0,10,1.784997
13.0,10,1.788559
45.0,10,1.7913
10.0,10,1.794057
5.0,10,1.79679
77.0,10,1.799553
96.0,10,1.802272
16.0,10,1.804982
-15.0,10,1.807693
-111.0,10,1.810411
35.0,10,1.813162
24.0,10,1.815952
3.0,10,1.818644
43.0,10,1.821347
33.0,10,1.824075
124.0,10,1.826834
85.0,10,1.829531
-167.0,10,1.832316
131.0,10,1.835035
75.0,10,1.837745
5.0,10,1.840458
74.0,10,1.843177
126.0,10,1.84589
-40.0,10,1.848628
66.0,10,1.85135
91.0,10,1.854049
47.0,10,1.856751
47.0,10,1.859462
50.0,10,1.862158
38.0,10,1.864882
64.0,10,1.867602
80.0,10,1.870338
89.0,10,1.873036
98.0,10,1.875736
3.0,10,1.878432
-8.0,10,1.881144
-19.0,10,1.883856
149.0,10,1.886557
96.0,10,1.889265
-10.0,10,1.891965
-34.0,10,1.894654
-7.0,10,1.897338
200.0,10,1.900041
50.0,10,1.90272
-8.0,10,1.905416
21.0,10,1.908084
33.0,10,1.910781
14.0,10,1.913481
44.0,10,1.916177
103.0,10,1.91888
24.0,10,1.92158
4.0,10,1.924842
62.0,10,1.927612
71.0,10,1.930356
8.0,10,1.933079
59.0,10,1.935787
23.0,10,1.938506
57.0,10,1.941204
116.0,10,1.943913
56.0,10,1.946603
1.0,10,1.949288
-11.0,10,1.952017
-23.0,10,1.954727
119.0,10,1.957448
5.0,10,1.960157
94.0,10,1.962876
126.0,10,1.965592
149.0,10,1.968297
72.0,10,1.971016
68.0,10,1.973735
-7.0,10,1.976455
64.0,10,1.979201
84.0,10,1.981907
68.0,10,1.984596
33.0,10,1.987311
-132.0,10,1.990031
-9.0,10,1.992728
125.0,10,1.995426
56.0,10,1.998122
-102.0,10,2.00082
3.0,10,2.003524
-16.0,10,2.006236
36.0,10,2.008932
86.0,10,2.011625
68.0,10,2.014307
108.0,10,2.017003
67.0,10,2.019705
48.0,10,2.022426
82.0,10,2.025135
101.0,10,2.027856
3.0,10,2.030579
56.0,10,2.033386
51.0,10,2.036103
-25.0,10,2.038813
103.0,10,2.041548
-6.0,10,2.044246
21.0,10,2.046977
-58.0,10,2.04969
-55.0,10,2.0524
46.0,10,2.055159
-34.0,10,2.057871
-6.0,10,2.061423
119.0,10,2.064172
36.0,10,2.066946
-13.0,10,2.069669
22.0,10,2.072379
-70.0,10,2.075124
73.0,10,2.077858
79.0,10,2.080603
119.0,10,2.083339
19.0,10,2.086118
9.0,10,2.088843
119.0,10,2.091611
54.0,10,2.094342
-141.0,10,2.097061
64.0,10,2.099836
3.0,10,2.102549
94.0,10,2.105275
56.0,10,2.108007
121.0,10,2.110743
112.0,10,2.113458
58.0,10,2.116186
-29.0,10,2.118954
119.0,10,2.121656
-24.0,10,2.124391
4.0,10,2.127116
71.0,10,2.129829
-167.0,10,2.132643
45.0,10,2.135376
101.0,10,2.138107
-2.0,10,2.140851
86.0,10,2.143577
28.0,10,2.146288
31.0,10,2.148989
72.0,10,2.151887
38.0,10,2.154963
66.0,10,2.157901
47.0,10,2.16084
81.0,10,2.163845
21.0,10,2.166906
-2.0,10,2.169857
10.0,10,2.172948
34.0,10,2.176035
62.0,10,2.179126
100.0,10,2.182212
-37.0,10,2.185173
-50.0,10,2.188055
49.0,10,2.191043
-46.0,10,2.193946
-27.0,10,2.19688
-30.0,10,2.199907
54.0,10,2.203973
-59.0,10,2.206974
17.0,10,2.209993
10.0,10,2.212959
40.0,10,2.2161
74.0,10,2.219094
44.0,10,2.22215
94.0,10,2.225122
78.0,10,2.228108
36.0,10,2.231063
8.0,10,2.234103
114.0,10,2.237202
84.0,10,2.240121
6.0,10,2.243037
54.0,10,2.246125
84.0,10,2.24924
2.0,10,2.25217
18.0,10,2.255059
89.0,10,2.257916
45.0,10,2.260912
73.0,10,2.263794
103.0,10,2.266618
1.0,10,2.269439
-42.0,10,2.272439
40.0,10,2.275386
19.0,10,2.278304
32.0,10,2.281131
43.0,10,2.283957
61.0,10,2.286715
28.0,10,2.289557
24.0,10,2.292328
-21.0,10,2.295078
-47.0,10,2.297831
44.0,10,2.300609
26.0,10,2.303364
63.0,10,2.306134
74.0,10,2.308875
28.0,10,2.311671
6.0,10,2.314486
54.0,10,2.317231
-31.0,10,2.320018
33.0,10,2.322774
89.0,10,2.325522
36.0,10,2.328271
-10.0,10,2.331015
-50.0,10,2.333741
57.0,10,2.336479
89.0,10,2.339219
91.0,10,2.341932
55.0,10,2.344708
-99.0,10,2.348483
108.0,10,2.351251
124.0,10,2.35408
61.0,10,2.356886
66.0,10,2.359676
73.0,10,2.362473
94.0,10,2.365226
59.0,10,2.36801
-10.0,10,2.37075
59.0,10,2.373511
-14.0,10,2.37624
-4.0,10,2.379012
40.0,10,2.381775
71.0,10,2.384513
-35.0,10,2.387251
112.0,10,2.389979
-65.0,10,2.392712
154.0,10,2.395417
119.0,10,2.398133
79.0,10,2.400905
-28.0,10,2.403671
41.0,10,2.406371
-51.0,10,2.409097
-19.0,10,2.411833
56.0,10,2.414587
64.0,10,2.417314
-20.0,10,2.420088
94.0,10,2.422798
-18.0,10,2.425538
95.0,10,2.428246
124.0,10,2.431002
35.0,10,2.433799
66.0,10,2.436548
-4.0,10,2.439295
-15.0,10,2.442009
77.0,10,2.444729
86.0,10,2.447467
54.0,10,2.450202
92.0,10,2.452968
28.0,10,2.45568
30.0,10,2.458451
124.0,10,2.461216
-31.0,10,2.463934
75.0,10,2.466746
135.0,10,2.469532
45.0,10,2.472251
124.0,10,2.47498
24.0,10,2.477752
49.0,10,2.480489
-1.0,10,2.483195
45.0,10,2.486848
112.0,10,2.48967
89.0,10,2.492494
62.0,10,2.495301
-35.0,10,2.498073
38.0,10,2.500887
-3.0,10,2.503605
101.0,10,2.506302
63.0,10,2.509018
38.0,10,2.511766
15.0,10,2.514539
19.0,10,2.517291
28.0,10,2.52001
75.0,10,2.522725
52.0,10,2.525478
50.0,10,2.528202
28.0,10,2.530922
64.0,10,2.533751
-24.0,10,2.536474
140.0,10,2.539165
30.0,10,2.541935
-104.0,10,2.54468
48.0,10,2.547408
17.0,10,2.550097
96.0,10,2.552826
49.0,10,2.55555
31.0,10,2.558269
149.0,10,2.561004
44.0,10,2.563733
86.0,10,2.566516
48.0,10,2.569232
13.0,10,2.571961
103.0,10,2.57472
131.0,10,2.577443
52.0,10,2.580171
66.0,10,2.582888
17.0,10,2.585628
-129.0,10,2.588372
131.0,10,2.591105
86.0,10,2.593825
61.0,10,2.59656
-62.0,10,2.599274
82.0,10,2.601976
47.0,10,2.60472
39.0,10,2.607452
31.0,10,2.610179
68.0,10,2.612896
68.0,10,2.615619
8.0,10,2.618355
73.0,10,2.621031
80.0,10,2.624743
87.0,10,2.627535
97.0,10,2.630288
-47.0,10,2.633048
22.0,10,2.635769
-2.0,10,2.638483
-2.0,10,2.641164
119.0,10,2.643959
56.0,10,2.646728
142.0,10,2.649454
74.0,10,2.652201
64.0,10,2.654937
-14.0,10,2.657669
19.0,10,2.660399
117.0,10,2.663138
-15.0,10,2.665837
131.0,10,2.668575
79.0,10,2.671364
24.0,10,2.674087
39.0,10,2.67681
-43.0,10,2.679539
154.0,10,2.682266
81.0,10,2.68499
57.0,10,2.687707
96.0,10,2.690386
68.0,10,2.693119
63.0,10,2.695836
61.0,10,2.698577
66.0,10,2.701334
68.0,10,2.704059
71.0,10,2.706768
24.0,10,2.709481
-51.0,10,2.712202
-90.0,10,2.714947
81.0,10,2.717692
3.0,10,2.720405
73.0,10,2.72314
91.0,10,2.725893
28.0,10,2.728652
30.0,10,2.731372
94.0,10,2.734182
86.0,10,2.736946
114.0,10,2.739674
38.0,10,2.74239
177.0,10,2.745115
24.0,10,2.747863
91.0,10,2.750544
23.0,10,2.753239
68.0,10,2.755966
61.0,10,2.758717
10.0,10,2.762211
108.0,10,2.764953
63.0,10,2.767672
0.0,10,2.770421
28.0,10,2.77312
57.0,10,2.775831
21.0,10,2.778579
63.0,10,2.781344
32.0,10,2.78408
-41.0,10,2.786851
-48.0,10,2.789608
21.0,10,2.79234
8.0,10,2.795098
84.0,10,2.797828
66.0,10,2.800621
67.0,10,2.803355
59.0,10,2.806064
-47.0,10,2.808817
108.0,10,2.811564
74.0,10,2.81431
66.0,10,2.817025
112.0,10,2.819753
-25.0,10,2.822474
79.0,10,2.825235
1.0,10,2.827976
58.0,10,2.830715
101.0,10,2.83353
-36.0,10,2.836261
-45.0,10,2.838946
19.0,10,2.841668
51.0,10,2.844404
39.0,10,2.847115
86.0,10,2.849821
-19.0,10,2.85252
98.0,10,2.855229
-8.0,10,2.857939
47.0,10,2.860698
62.0,10,2.863453
2.0,10,2.866209
108.0,10,2.86894
64.0,10,2.871688
-9.0,10,2.874429
64.0,10,2.877127
32.0,10,2.879872
-14.0,10,2.882559
-184.0,10,2.885284
-96.0,10,2.888007
-19.0,10,2.890711
96.0,10,2.893433
34.0,10,2.896182
56.0,10,2.899881
56.0,10,2.902695
-31.0,10,2.90543
26.0,10,2.908188
-47.0,10,2.910932
35.0,10,2.913651
-4.0,10,2.916348
67.0,10,2.919099
54.0,10,2.92182
61.0,10,2.924604
38.0,10,2.927333
96.0,10,2.930041
117.0,10,2.932785
-42.0,10,2.935527
-4.0,10,2.938246
117.0,10,2.940961
38.0,10,2.943691
66.0,10,2.946406
34.0,10,2.949108
-69.0,10,2.951824
104.0,10,2.954543
11.0,10,2.957261
72.0,10,2.960017
50.0,10,2.962727
-14.0,10,2.965483
-6.0,10,2.96824
81.0,10,2.970955
126.0,10,2.973696
8.0,10,2.976408
84.0,10,2.979147
38.0,10,2.981906
25.0,10,2.984581
10.0,10,2.987288
61.0,10,2.990015
-26.0,10,2.992769
131.0,10,2.995462
74.0,10,2.998239
114.0,10,3.001035
85.0,10,3.003707
142.0,10,3.006474
18.0,10,3.009195
84.0,10,3.011932
79.0,10,3.01466
170.0,10,3.017367
45.0,10,3.020088
49.0,10,3.022814
-16.0,10,3.02554
17.0,10,3.028272
103.0,10,3.030988
-9.0,10,3.033748
96.0,10,3.037373
56.0,10,3.040184
60.0,10,3.042965
-42.0,10,3.045715
45.0,10,3.048447
44.0,10,3.051179
142.0,10,3.053896
114.0,10,3.05661
11.0,10,3.05936
91.0,10,3.062066
5.0,10,3.064798
-2.0,10,3.067595
3.0,10,3.070311
81.0,10,3.073034
21.0,10,3.075765
85.0,10,3.078507
11.0,10,3.081217
34.0,10,3.083918
177.0,10,3.086652
126.0,10,3.089373
102.0,10,3.092097
51.0,10,3.094835
-68.0,10,3.097531
124.0,10,3.100309
86.0,10,3.103035
23.0,10,3.10574
43.0,10,3.108452
94.0,10,3.111186
-41.0,10,3.113915
-12.0,10,3.116668
-42.0,10,3.1194
56.0,10,3.122149
78.0,10,3.124869
108.0,10,3.127611
48.0,10,3.130334
66.0,10,3.133136
55.0,10,3.135843
-6.0,10,3.138573
96.0,10,3.141298
98.0,10,3.14399
98.0,10,3.146696
75.0,10,3.149454
73.0,10,3.152145
11.0,10,3.154884
49.0,10,3.157625
23.0,10,3.160371
3.0,10,3.163088
94.0,10,3.165827
109.0,10,3.168575
61.0,10,3.171276
33.0,10,3.174776
126.0,10,3.177602
38.0,10,3.180401
91.0,10,3.183163
-14.0,10,3.185904
42.0,10,3.188624
68.0,10,3.191391
18.0,10,3.194123
64.0,10,3.196835
30.0,10,3.199556
52.0,10,3.202259
56.0,10,3.205001
87.0,10,3.207715
140.0,10,3.210409
29.0,10,3.213147
38.0,10,3.215863
35.0,10,3.218547
73.0,10,3.221265
23.0,10,3.224024
40.0,10,3.226738
95.0,10,3.229446
54.0,10,3.232204
49.0,10,3.23492
80.0,10,3.237624
23.0,10,3.24033
49.0,10,3.243049
41.0,10,3.245767
-1.0,10,3.248546
68.0,10,3.251226
49.0,10,3.253928
34.0,10,3.256671
119.0,10,3.259393
38.0,10,3.262098
3.0,10,3.264836
131.0,10,3.267576
46.0,10,3.270273
45.0,10,3.272982
-21.0,10,3.275655
124.0,10,3.278352
37.0,10,3.281073
86.0,10,3.283754
-59.0,10,3.286499
67.0,10,3.289224
12.0,10,3.291944
55.0,10,3.294662
11.0,10,3.297358
11.0,10,3.300176
44.0,10,3.302884
11.0,10,3.30557
28.0,10,3.308319
121.0,10,3.311829
3.0,10,3.314623
62.0,10,3.31738
131.0,10,3.320109
79.0,10,3.322839
13.0,10,3.325564
56.0,10,3.328294
126.0,10,3.331031
60.0,10,3.333809
71.0,10,3.336547
73.0,10,3.339258
85.0,10,3.341981
66.0,10,3.344743
85.0,10,3.347468
33.0,10,3.350169
18.0,10,3.352907
18.0,10,3.355652
-71.0,10,3.358363
-24.0,10,3.361077
39.0,10,3.363809
4.0,10,3.366599
154.0,10,3.36935
14.0,10,3.372062
1.0,10,3.374799
67.0,10,3.37753
78.0,10,3.380307
114.0,10,3.383012
98.0,10,3.385745
86.0,10,3.388478
26.0,10,3.391192
71.0,10,3.393904
61.0,10,3.396611
67.0,10,3.399313
82.0,10,3.402013
-27.0,10,3.404753
-33.0,10,3.407491
40.0,10,3.410196
84.0,10,3.412919
117.0,10,3.415641
89.0,10,3.418386
11.0,10,3.421091
94.0,10,3.423812
6.0,10,3.426524
89.0,10,3.429245
27.0,10,3.431984
33.0,10,3.434732
-9.0,10,3.437441
112.0,10,3.440163
-2.0,10,3.44293
-4.0,10,3.445659
47.0,10,3.449025
41.0,10,3.451805
-6.0,10,3.454579
91.0,10,3.457304
0.0,10,3.460038
112.0,10,3.462762
91.0,10,3.465489
98.0,10,3.468218
131.0,10,3.470907
124.0,10,3.473621
48.0,10,3.476314
25.0,10,3.479037
54.0,10,3.481775
21.0,10,3.484531
-37.0,10,3.487254
8.0,10,3.489956
17.0,10,3.492644
84.0,10,3.495351
80.0,10,3.498044
53.0,10,3.500829
131.0,10,3.503541
200.0,10,3.50622
147.0,10,3.508935
8.0,10,3.511631
91.0,10,3.514335
91.0,10,3.517068
-13.0,10,3.519789
107.0,10,3.522479
26.0,10,3.525167
73.0,10,3.5279
35.0,10,3.530622
0.0,10,3.533381
27.0,10,3.536094
75.0,10,3.538797
43.0,10,3.541521
126.0,10,3.54424
78.0,10,3.546966
64.0,10,3.549713
68.0,10,3.552394
45.0,10,3.555112
-11.0,10,3.557817
75.0,10,3.560519
53.0,10,3.56323
117.0,10,3.565963
73.0,10,3.568717
11.0,10,3.571444
117.0,10,3.574208
97.0,10,3.576974
147.0,10,3.579673
24.0,10,3.582436
10.0,10,3.586078
126.0,10,3.588872
101.0,10,3.591623
38.0,10,3.594357
-7.0,10,3.597066
15.0,10,3.599822
-2.0,10,3.602526
19.0,10,3.605223
98.0,10,3.607953
112.0,10,3.610683
125.0,10,3.613426
56.0,10,3.616139
28.0,10,3.618832
131.0,10,3.621537
78.0,10,3.624265
96.0,10,3.627007
34.0,10,3.629726
-2.0,10,3.632483
36.0,10,3.635204
56.0,10,3.637907
132.0,10,3.64065
48.0,10,3.64339
124.0,10,3.646095
79.0,10,3.648794
-70.0,10,3.651547
5.0,10,3.654263
-31.0,10,3.656984
68.0,10,3.659671
-10.0,10,3.662382
108.0,10,3.665107
1.0,10,3.667867
112.0,10,3.670604
126.0,10,3.673318
73.0,10,3.676
127.0,10,3.678731
103.0,10,3.681423
-87.0,10,3.684117
44.0,10,3.686836
33.0,10,3.68957
68.0,10,3.692282
142.0,10,3.694997
44.0,10,3.697698
147.0,10,3.700447
92.0,10,3.703147
-95.0,10,3.705852
96.0,10,3.708555
89.0,10,3.711307
117.0,10,3.714014
127.0,10,3.716723
43.0,10,3.719464
28.0,10,3.722985
85.0,10,3.725745
147.0,10,3.728513
14.0,10,3.731248
31.0,10,3.734021
44.0,10,3.736723
102.0,10,3.739444
93.0,10,3.742178
-35.0,10,3.74511
28.0,10,3.748043
68.0,10,3.750808
73.0,10,3.753519
-50.0,10,3.756242
149.0,10,3.758931
66.0,10,3.761639
114.0,10,3.764325
61.0,10,3.767047
89.0,10,3.76976
-77.0,10,3.772473
73.0,10,3.775181
137.0,10,3.777887
73.0,10,3.780584
126.0,10,3.783302
94.0,10,3.786014
34.0,10,3.788713
73.0,10,3.791456
96.0,10,3.794159
142.0,10,3.796886
52.0,10,3.799624
79.0,10,3.802332
34.0,10,3.805032
12.0,10,3.807731
71.0,10,3.810438
-11.0,10,3.813156
46.0,10,3.815875
96.0,10,3.81859
7.0,10,3.821295
87.0,10,3.824005
-80.0,10,3.826709
43.0,10,3.829416
-11.0,10,3.832121
30.0,10,3.834854
64.0,10,3.837565
-97.0,10,3.840282
-28.0,10,3.842997
37.0,10,3.845694
31.0,10,3.848402
29.0,10,3.851091
119.0,10,3.85377
43.0,10,3.856472
66.0,10,3.859804
7.0,10,3.862579
101.0,10,3.865314
89.0,10,3.868149
140.0,10,3.871015
57.0,10,3.873978
49.0,10,3.877148
-41.0,10,3.880213
-14.0,10,3.884716
11.0,10,3.887857
-14.0,10,3.890927
73.0,10,3.89397
27.0,10,3.896951
-20.0,10,3.899961
89.0,10,3.902919
66.0,10,3.906007
47.0,10,3.909119
117.0,10,3.912172
29.0,10,3.915154
149.0,10,3.918372
86.0,10,3.921487
7.0,10,3.924536
117.0,10,3.927443
121.0,10,3.930344
96.0,10,3.933466
33.0,10,3.936509
22.0,10,3.939582
-17.0,10,3.94248
98.0,10,3.94537
52.0,10,3.948398
55.0,10,3.951445
103.0,10,3.954453
140.0,10,3.957464
126.0,10,3.960479
89.0,10,3.963776
132.0,10,3.96691
96.0,10,3.969836
80.0,10,3.972764
108.0,10,3.975794
32.0,10,3.978778
58.0,10,3.981725
-90.0,10,3.984662
126.0,10,3.987547
109.0,10,3.990478
26.0,10,3.993304
68.0,10,3.996086
53.0,10,3.998905
53.0,10,4.001676
46.0,10,4.004515
47.0,10,4.007294
154.0,10,4.010947
101.0,10,4.013809
-21.0,10,4.016632
-18.0,10,4.019412
-15.0,10,4.02233
-21.0,10,4.025095
-7.0,10,4.027868
58.0,10,4.030719
-8.0,10,4.033521
9.0,10,4.036333
56.0,10,4.039135
103.0,10,4.041952
55.0,10,4.044718
102.0,10,4.047528
-26.0,10,4.050308
126.0,10,4.053109
36.0,10,4.055924
51.0,10,4.05874
46.0,10,4.061552
82.0,10,4.064328
61.0,10,4.067163
125.0,10,4.070051
-1.0,10,4.072948
27.0,10,4.075738
47.0,10,4.078479
125.0,10,4.081245
124.0,10,4.083987
-22.0,10,4.086746
102.0,10,4.089577
142.0,10,4.092307
108.0,10,4.09503
108.0,10,4.097783
54.0,10,4.100635
20.0,10,4.103443
39.0,10,4.106298
14.0,10,4.109415
16.0,10,4.112253
80.0,10,4.115023
91.0,10,4.117782
-114.0,10,4.120512
-50.0,10,4.123334
101.0,10,4.126137
56.0,10,4.12897
103.0,10,4.13183
36.0,10,4.134702
67.0,10,4.137499
96.0,10,4.140384
32.0,10,4.143157
27.0,10,4.145966
154.0,10,4.148766
86.0,10,4.152504
71.0,10,4.155337
50.0,10,4.158115
56.0,10,4.160859
26.0,10,4.163616
49.0,10,4.166419
78.0,10,4.169181
58.0,10,4.171892
108.0,10,4.174662
98.0,10,4.177443
51.0,10,4.1802
119.0,10,4.182937
119.0,10,4.185684
-11.0,10,4.188428
109.0,10,4.191169
132.0,10,4.193917
58.0,10,4.196636
75.0,10,4.199376
32.0,10,4.202083
66.0,10,4.204792
86.0,10,4.207505
124.0,10,4.210241
68.0,10,4.212962
27.0,10,4.215673
40.0,10,4.218374
12.0,10,4.22108
75.0,10,4.223782
126.0,10,4.226486
0.0,10,4.229202
27.0,10,4.231951
55.0,10,4.234657
74.0,10,4.237373
154.0,10,4.240115
43.0,10,4.24286
41.0,10,4.245599
64.0,10,4.248335
25.0,10,4.251069
8.0,10,4.25378
40.0,10,4.256535
119.0,10,4.25927
101.0,10,4.261995
-13.0,10,4.264726
96.0,10,4.267552
66.0,10,4.27024
-23.0,10,4.272922
87.0,10,4.275601
59.0,10,4.278323
67.0,10,4.28108
27.0,10,4.283801
21.0,10,4.286527
37.0,10,4.290224
15.0,10,4.293058
34.0,10,4.295832
-43.0,10,4.298557
-18.0,10,4.301344
34.0,10,4.304063
22.0,10,4.306759
4.0,10,4.309472
47.0,10,4.312177
72.0,10,4.314944
31.0,10,4.31772
-17.0,10,4.320437
-28.0,10,4.32314
-14.0,10,4.325916
114.0,10,4.328704
147.0,10,4.331418
11.0,10,4.334231
17.0,10,4.336957
40.0,10,4.339658
44.0,10,4.342366
-27.0,10,4.345106
101.0,10,4.347864
67.0,10,4.350531
62.0,10,4.353242
68.0,10,4.355991
77.0,10,4.358727
18.0,10,4.361512
81.0,10,4.36424
117.0,10,4.367047
3.0,10,4.369756
58.0,10,4.372485
45.0,10,4.375234
51.0,10,4.377989
1.0,10,4.380729
119.0,10,4.383458
66.0,10,4.386164
95.0,10,4.388873
65.0,10,4.39159
63.0,10,4.394349
72.0,10,4.397056
89.0,10,4.39975
130.0,10,4.402495
71.0,10,4.405207
59.0,10,4.407919
125.0,10,4.410669
114.0,10,4.413432
149.0,10,4.41617
49.0,10,4.418869
36.0,10,4.421584
8.0,10,4.424345
63.0,10,4.428062
-14.0,10,4.430847
66.0,10,4.43359
38.0,10,4.436299
89.0,10,4.439056
104.0,10,4.441798
52.0,10,4.444505
-8.0,10,4.447212
149.0,10,4.449941
45.0,10,4.452683
8.0,10,4.455446
43.0,10,4.458165
61.0,10,4.460863
54.0,10,4.463584
-11.0,10,4.466295
96.0,10,4.468978
75.0,10,4.47184
-13.0,10,4.474867
108.0,10,4.477666
27.0,10,4.480529
51.0,10,4.483347
1.0,10,4.486179
108.0,10,4.488973
104.0,10,4.491739
108.0,10,4.494478
149.0,10,4.497194
94.0,10,4.500046
54.0,10,4.502798
119.0,10,4.505574
38.0,10,4.508333
108.0,10,4.511112
95.0,10,4.513821
35.0,10,4.5166
149.0,10,4.519323
56.0,10,4.522057
68.0,10,4.524834
104.0,10,4.527548
31.0,10,4.530267
73.0,10,4.532975
114.0,10,4.535758
68.0,10,4.538516
79.0,10,4.54125
16.0,10,4.54397
119.0,10,4.546705
-9.0,10,4.549442
84.0,10,4.552155
50.0,10,4.554905
81.0,10,4.557597
103.0,10,4.560337
62.0,10,4.56306
51.0,10,4.566883
144.0,10,4.569703
34.0,10,4.572467
45.0,10,4.575198
46.0,10,4.577914
89.0,10,4.580637
124.0,10,4.583361
33.0,10,4.586105
-54.0,10,4.58884
96.0,10,4.591553
28.0,10,4.594286
50.0,10,4.597007
79.0,10,4.599764
95.0,10,4.602525
91.0,10,4.605287
-12.0,10,4.608026
-15.0,10,4.610775
14.0,10,4.613516
96.0,10,4.616246
-2.0,10,4.618986
34.0,10,4.621757
126.0,10,4.624509
75.0,10,4.627246
6.0,10,4.629987
116.0,10,4.632754
124.0,10,4.635475
80.0,10,4.638205
85.0,10,4.640942
51.0,10,4.643676
42.0,10,4.64643
28.0,10,4.649122
140.0,10,4.651846
126.0,10,4.654595
61.0,10,4.657321
82.0,10,4.660038
154.0,10,4.66274
131.0,10,4.665522
72.0,10,4.668288
91.0,10,4.671003
32.0,10,4.673722
33.0,10,4.676463
87.0,10,4.67921
4.0,10,4.681904
89.0,10,4.684647
-1.0,10,4.687359
63.0,10,4.690051
87.0,10,4.692766
117.0,10,4.695476
11.0,10,4.698194
16.0,10,4.700999
117.0,10,4.704672
124.0,10,4.707472
124.0,10,4.710241
119.0,10,4.712973
155.0,10,4.715683
46.0,10,4.718424
-4.0,10,4.721133
132.0,10,4.723856
117.0,10,4.726587
140.0,10,4.729337
124.0,10,4.732065
44.0,10,4.734802
59.0,10,4.737532
86.0,10,4.740273
49.0,10,4.742985
18.0,10,4.745711
97.0,10,4.748439
98.0,10,4.75119
-55.0,10,4.753885
94.0,10,4.756604
-69.0,10,4.759327
31.0,10,4.762037
63.0,10,4.764772
101.0,10,4.767598
107.0,10,4.770322
40.0,10,4.773037
57.0,10,4.775756
-5.0,10,4.77855
68.0,10,4.781294
56.0,10,4.784029
33.0,10,4.786754
63.0,10,4.789466
14.0,10,4.792175
-24.0,10,4.794889
101.0,10,4.797589
14.0,10,4.800324
8.0,10,4.803028
34.0,10,4.805764
177.0,10,4.808477
79.0,10,4.811197
54.0,10,4.81394
132.0,10,4.816658
119.0,10,4.819398
109.0,10,4.822145
172.0,10,4.824862
51.0,10,4.827593
-20.0,10,4.830321
114.0,10,4.833099
119.0,10,4.835836
-55.0,10,4.83857
68.0,10,4.8422
61.0,10,4.84497
114.0,10,4.847729
85.0,10,4.850452
-8.0,10,4.853182
35.0,10,4.855898
63.0,10,4.858643
89.0,10,4.861367
131.0,10,4.86407
49.0,10,4.866815
147.0,10,4.869612
59.0,10,4.872334
119.0,10,4.875057
67.0,10,4.877803
102.0,10,4.880577
154.0,10,4.883316
154.0,10,4.886045
18.0,10,4.888804
71.0,10,4.891526
80.0,10,4.894261
42.0,10,4.896968
142.0,10,4.899702
21.0,10,4.902427
140.0,10,4.905137
87.0,10,4.907876
84.0,10,4.910635
-4.0,10,4.913388
127.0,10,4.916093
74.0,10,4.918813
89.0,10,4.921529
76.0,10,4.924268
154.0,10,4.927011
73.0,10,4.929744
131.0,10,4.932459
64.0,10,4.935235
73.0,10,4.937967
81.0,10,4.940659
59.0,10,4.943394
-12.0,10,4.946156
200.0,10,4.948916
38.0,10,4.951636
96.0,10,4.954393
66.0,10,4.957107
108.0,10,4.959842
-29.0,10,4.962574
91.0,10,4.965353
52.0,10,4.968115
117.0,10,4.970869
172.0,10,4.973598
119.0,10,4.976302
26.0,10,4.980033
107.0,10,4.982773
86.0,10,4.985555
104.0,10,4.988309
18.0,10,4.991048
119.0,10,4.993781
109.0,10,4.996495
61.0,10,4.999229
26.0,10,5.001931
81.0,10,5.004655
51.0,10,5.007413
26.0,10,5.010147
14.0,10,5.012917
119.0,10,5.015633
13.0,10,5.018334
119.0,10,5.021056
71.0,10,5.023757
43.0,10,5.026508
91.0,10,5.029249
31.0,10,5.032015
177.0,10,5.03477
119.0,10,5.037499
126.0,10,5.040213
131.0,10,5.042926
94.0,10,5.045674
131.0,10,5.04841
48.0,10,5.051117
26.0,10,5.053833
40.0,10,5.056566
23.0,10,5.059269
96.0,10,5.062009
-22.0,10,5.064736
103.0,10,5.067491
117.0,10,5.070203
97.0,10,5.07292
71.0,10,5.075639
126.0,10,5.078378
135.0,10,5.081169
89.0,10,5.083884
-14.0,10,5.086615
142.0,10,5.089329
67.0,10,5.092073
96.0,10,5.094806
66.0,10,5.097548
60.0,10,5.100354
89.0,10,5.10307
7.0,10,5.105796
35.0,10,5.108502
58.0,10,5.111224
172.0,10,5.113973
43.0,10,5.117566
73.0,10,5.120347
6.0,10,5.123054
154.0,10,5.125774
53.0,10,5.128532
89.0,10,5.131265
63.0,10,5.134087
33.0,10,5.136829
75.0,10,5.13958
86.0,10,5.142326
121.0,10,5.14505
91.0,10,5.147779
71.0,10,5.15053
149.0,10,5.153263
126.0,10,5.156007
39.0,10,5.158741
102.0,10,5.161473
94.0,10,5.164184
80.0,10,5.166989
52.0,10,5.169747
-42.0,10,5.172509
-25.0,10,5.175245
-3.0,10,5.178003
99.0,10,5.180763
-23.0,10,5.18348
124.0,10,5.186232
102.0,10,5.188966
131.0,10,5.191686
66.0,10,5.194423
117.0,10,5.197173
38.0,10,5.199945
81.0,10,5.202698
170.0,10,5.205438
95.0,10,5.20819
39.0,10,5.210936
44.0,10,5.21367
147.0,10,5.216398
39.0,10,5.219113
96.0,10,5.22183
-18.0,10,5.224554
165.0,10,5.227265
43.0,10,5.229999
31.0,10,5.232772
-77.0,10,5.235476
28.0,10,5.238214
28.0,10,5.240924
45.0,10,5.243667
98.0,10,5.246399
94.0,10,5.249106
43.0,10,5.251815
56.0,10,5.255392
84.0,10,5.258126
147.0,10,5.260868
119.0,10,5.263618
117.0,10,5.266345
126.0,10,5.269049
39.0,10,5.271759
10.0,10,5.274499
140.0,10,5.277218
53.0,10,5.279975
140.0,10,5.28268
119.0,10,5.285408
84.0,10,5.288126
35.0,10,5.290859
-4.0,10,5.293572
23.0,10,5.296309
87.0,10,5.299049
126.0,10,5.301789
1.0,10,5.304518
14.0,10,5.307236
74.0,10,5.310038
96.0,10,5.312785
-12.0,10,5.315499
65.0,10,5.318222
76.0,10,5.320943
109.0,10,5.323655
74.0,10,5.326376
147.0,10,5.329074
28.0,10,5.331802
119.0,10,5.334599
114.0,10,5.337357
172.0,10,5.340074
-42.0,10,5.3428
30.0,10,5.345505
51.0,10,5.348224
63.0,10,5.350967
177.0,10,5.353715
124.0,10,5.35643
126.0,10,5.359138
51.0,10,5.36186
97.0,10,5.364562
131.0,10,5.367312
-6.0,10,5.370046
63.0,10,5.372795
91.0,10,5.375522
117.0,10,5.378252
-35.0,10,5.380991
142.0,10,5.383719
110.0,10,5.38643
114.0,10,5.389147
79.0,10,5.392702
94.0,10,5.395484
-21.0,10,5.398237
7.0,10,5.401054
64.0,10,5.403814
96.0,10,5.406539
95.0,10,5.409265
14.0,10,5.41199
-70.0,10,5.414717
-131.0,10,5.41743
81.0,10,5.420189
126.0,10,5.422888
43.0,10,5.425607
76.0,10,5.428348
24.0,10,5.431068
-69.0,10,5.433786
41.0,10,5.436503
104.0,10,5.43921
24.0,10,5.441922
77.0,10,5.44469
110.0,10,5.447435
73.0,10,5.450132
0.0,10,5.452872
149.0,10,5.455627
74.0,10,5.458341
35.0,10,5.461113
34.0,10,5.463839
112.0,10,5.466651
8.0,10,5.469424
142.0,10,5.472142
45.0,10,5.474871
101.0,10,5.477618
44.0,10,5.480358
50.0,10,5.483087
154.0,10,5.485807
81.0,10,5.488506
82.0,10,5.491231
75.0,10,5.49395
43.0,10,5.496659
119.0,10,5.499454
70.0,10,5.502178
-4.0,10,5.504871
119.0,10,5.507641
63.0,10,5.510373
102.0,10,5.513093
73.0,10,5.515811
-19.0,10,5.518552
49.0,10,5.521289
172.0,10,5.523998
121.0,10,5.526724
147.0,10,5.530282
34.0,10,5.533047
74.0,10,5.535818
-67.0,10,5.538547
112.0,10,5.541263
-74.0,10,5.543997
142.0,10,5.546745
19.0,10,5.54948
91.0,10,5.552214
68.0,10,5.55494
66.0,10,5.557679
109.0,10,5.560409
84.0,10,5.563138
-31.0,10,5.565938
21.0,10,5.568657
51.0,10,5.571396
98.0,10,5.57414
61.0,10,5.576858
94.0,10,5.579584
100.0,10,5.582311
109.0,10,5.585042
44.0,10,5.587749
-54.0,10,5.590452
131.0,10,5.593173
8.0,10,5.595932
34.0,10,5.59866
28.0,10,5.60139
12.0,10,5.604094
21.0,10,5.606794
-19.0,10,5.60953
49.0,10,5.612259
68.0,10,5.615001
41.0,10,5.617709
98.0,10,5.620396
78.0,10,5.623094
126.0,10,5.625814
-11.0,10,5.628529
58.0,10,5.631239
121.0,10,5.633985
66.0,10,5.636729
59.0,10,5.639469
96.0,10,5.642205
79.0,10,5.644919
74.0,10,5.647637
55.0,10,5.650358
37.0,10,5.653058
79.0,10,5.655757
54.0,10,5.65848
45.0,10,5.661188
28.0,10,5.663892
27.0,10,5.667338
119.0,10,5.670057
124.0,10,5.672844
29.0,10,5.675575
54.0,10,5.678328
124.0,10,5.681026
149.0,10,5.683731
-40.0,10,5.68644
147.0,10,5.689152
142.0,10,5.691874
84.0,10,5.694565
126.0,10,5.697285
39.0,10,5.700069
89.0,10,5.702793
29.0,10,5.705504
144.0,10,5.708219
126.0,10,5.710957
68.0,10,5.713684
8.0,10,5.716423
97.0,10,5.719119
177.0,10,5.721866
80.0,10,5.724598
50.0,10,5.72731
73.0,10,5.730101
-29.0,10,5.732878
96.0,10,5.735667
200.0,10,5.738396
40.0,10,5.741136
103.0,10,5.743849
103.0,10,5.746576
86.0,10,5.749291
85.0,10,5.75199
55.0,10,5.7547
-39.0,10,5.757418
96.0,10,5.760149
-30.0,10,5.762857
71.0,10,5.765596
18.0,10,5.768346
21.0,10,5.771044
69.0,10,5.773749
103.0,10,5.776465
126.0,10,5.779166
34.0,10,5.781894
57.0,10,5.784606
73.0,10,5.787325
149.0,10,5.790038
46.0,10,5.79275
131.0,10,5.795485
48.0,10,5.798199
124.0,10,5.800929
103.0,10,5.804493
140.0,10,5.807256
57.0,10,5.80999
147.0,10,5.812733
89.0,10,5.815464
-18.0,10,5.818234
149.0,10,5.820962
91.0,10,5.823699
124.0,10,5.826406
50.0,10,5.829154
154.0,10,5.831885
73.0,10,5.83464
108.0,10,5.837353
117.0,10,5.840057
131.0,10,5.842774
52.0,10,5.845512
102.0,10,5.848254
78.0,10,5.851003
154.0,10,5.85373
44.0,10,5.856458
114.0,10,5.859145
75.0,10,5.861912
96.0,10,5.864613
149.0,10,5.867374
58.0,10,5.870138
154.0,10,5.872845
29.0,10,5.875548
36.0,10,5.878268
172.0,10,5.881003
63.0,10,5.883761
40.0,10,5.886488
119.0,10,5.889205
72.0,10,5.891933
54.0,10,5.894701
170.0,10,5.897411
50.0,10,5.900157
72.0,10,5.902864
79.0,10,5.905579
35.0,10,5.9083
177.0,10,5.911032
32.0,10,5.913771
66.0,10,5.916515
68.0,10,5.919232
57.0,10,5.921945
96.0,10,5.924658
124.0,10,5.92737
-19.0,10,5.930089
147.0,10,5.932858
28.0,10,5.935587
119.0,10,5.938304
142.0,10,5.941827
93.0,10,5.944606
43.0,10,5.947352
177.0,10,5.950081
154.0,10,5.952797
29.0,10,5.955516
63.0,10,5.958211
147.0,10,5.960933
93.0,10,5.963655
91.0,10,5.966404
58.0,10,5.969112
73.0,10,5.971835
154.0,10,5.974568
200.0,10,5.977339
98.0,10,5.98009
42.0,10,5.982799
22.0,10,5.985563
10.0,10,5.988293
-9.0,10,5.991012
149.0,10,5.993726
63.0,10,5.996465
89.0,10,5.999222
59.0,10,6.001967
147.0,10,6.004699
126.0,10,6.007416
87.0,10,6.010149
64.0,10,6.012915
27.0,10,6.015646
28.0,10,6.018351
142.0,10,6.021064
84.0,10,6.023808
47.0,10,6.02652
46.0,10,6.029219
89.0,10,6.031962
77.0,10,6.034723
15.0,10,6.037455
96.0,10,6.040185
101.0,10,6.042943
-14.0,10,6.045694
149.0,10,6.048453
104.0,10,6.051168
36.0,10,6.053923
177.0,10,6.05663
64.0,10,6.059348
14.0,10,6.062075
81.0,10,6.064808
43.0,10,6.067597
13.0,10,6.07031
97.0,10,6.073018
142.0,10,6.075742
51.0,10,6.079339
98.0,10,6.082148
103.0,10,6.084913
7.0,10,6.087683
131.0,10,6.090407
131.0,10,6.093126
140.0,10,6.095886
64.0,10,6.098618
-5.0,10,6.10141
56.0,10,6.104145
11.0,10,6.106885
121.0,10,6.109635
53.0,10,6.112366
75.0,10,6.115099
50.0,10,6.117811
114.0,10,6.120556
119.0,10,6.123254
117.0,10,6.125937
102.0,10,6.128653
27.0,10,6.131364
70.0,10,6.134113
149.0,10,6.136903
130.0,10,6.139639
89.0,10,6.142362
16.0,10,6.145088
73.0,10,6.147835
131.0,10,6.150539
126.0,10,6.153243
68.0,10,6.155975
200.0,10,6.15871
98.0,10,6.161436
-2.0,10,6.164154
121.0,10,6.166971
56.0,10,6.16974
47.0,10,6.172481
51.0,10,6.175197
68.0,10,6.177907
80.0,10,6.180637
149.0,10,6.183376
43.0,10,6.186096
55.0,10,6.188826
55.0,10,6.191526
91.0,10,6.194252
29.0,10,6.19696
89.0,10,6.199705
101.0,10,6.202424
38.0,10,6.205135
73.0,10,6.207898
126.0,10,6.210616
63.0,10,6.21334
56.0,10,6.216626
119.0,10,6.219404
53.0,10,6.222199
31.0,10,6.224978
91.0,10,6.227708
66.0,10,6.230416
-36.0,10,6.233209
-2.0,10,6.235915
67.0,10,6.238606
40.0,10,6.241336
165.0,10,6.24403
126.0,10,6.246797
54.0,10,6.249534
80.0,10,6.252246
84.0,10,6.254976
-30.0,10,6.257719
101.0,10,6.260453
-32.0,10,6.263182
31.0,10,6.265889
142.0,10,6.268593
38.0,10,6.271283
51.0,10,6.27401
96.0,10,6.276737
49.0,10,6.279464
28.0,10,6.282189
31.0,10,6.284895
89.0,10,6.287605
17.0,10,6.290298
116.0,10,6.293018
104.0,10,6.295728
147.0,10,6.298459
38.0,10,6.301274
109.0,10,6.303981
72.0,10,6.306686
59.0,10,6.309385
112.0,10,6.312067
40.0,10,6.314825
77.0,10,6.317534
109.0,10,6.32026
93.0,10,6.322973
102.0,10,6.325694
170.0,10,6.328401
149.0,10,6.331124
119.0,10,6.333851
73.0,10,6.336589
121.0,10,6.339332
78.0,10,6.342078
33.0,10,6.344802
52.0,10,6.347528
116.0,10,6.350238
144.0,10,6.353903
91.0,10,6.356649
19.0,10,6.359384
101.0,10,6.362108
59.0,10,6.36483
-16.0,10,6.367597
155.0,10,6.370322
72.0,10,6.37306
28.0,10,6.375786
77.0,10,6.378524
-83.0,10,6.381321
61.0,10,6.384042
124.0,10,6.386755
79.0,10,6.389462
125.0,10,6.39221
-19.0,10,6.39493
22.0,10,6.397668
79.0,10,6.400441
49.0,10,6.403172
87.0,10,6.405894
2.0,10,6.408677
93.0,10,6.411398
-8.0,10,6.414153
51.0,10,6.416931
89.0,10,6.419677
4.0,10,6.422406
2.0,10,6.425144
147.0,10,6.427894
41.0,10,6.430622
61.0,10,6.433325
82.0,10,6.436062
33.0,10,6.438827
68.0,10,6.441582
8.0,10,6.44436
77.0,10,6.447123
-6.0,10,6.449827
96.0,10,6.452549
89.0,10,6.455246
-78.0,10,6.457955
154.0,10,6.460659
-12.0,10,6.463453
4.0,10,6.466176
79.0,10,6.468874
103.0,10,6.471594
84.0,10,6.474299
117.0,10,6.47699
119.0,10,6.479718
56.0,10,6.482434
4.0,10,6.485156
147.0,10,6.48787
49.0,10,6.49134
101.0,10,6.494112
35.0,10,6.496863
96.0,10,6.499625
21.0,10,6.502366
91.0,10,6.505128
117.0,10,6.507847
87.0,10,6.510621
49.0,10,6.513353
84.0,10,6.516074
119.0,10,6.518809
114.0,10,6.521515
26.0,10,6.524244
87.0,10,6.526991
42.0,10,6.529744
172.0,10,6.53247
79.0,10,6.535222
96.0,10,6.537938
59.0,10,6.540675
124.0,10,6.543388
21.0,10,6.546117
124.0,10,6.548838
81.0,10,6.55156
-14.0,10,6.554287
72.0,10,6.557017
1.0,10,6.559724
96.0,10,6.562429
-4.0,10,6.565131
94.0,10,6.567925
49.0,10,6.570655
21.0,10,6.573403
49.0,10,6.576169
19.0,10,6.578897
126.0,10,6.581639
80.0,10,6.58435
56.0,10,6.587093
6.0,10,6.589798
103.0,10,6.592512
61.0,10,6.595222
96.0,10,6.597947
49.0,10,6.600662
17.0,10,6.603388
74.0,10,6.606105
-13.0,10,6.608807
72.0,10,6.611526
109.0,10,6.614243
61.0,10,6.616953
94.0,10,6.619673
17.0,10,6.622367
121.0,10,6.627076
28.0,10,6.633068
119.0,10,6.637067
51.0,10,6.639838
27.0,10,6.64259
21.0,10,6.645298
101.0,10,6.648024
-112.0,10,6.650739
74.0,10,6.653463
119.0,10,6.656184
14.0,10,6.658925
35.0,10,6.661649
121.0,10,6.664362
126.0,10,6.667083
91.0,10,6.669789
78.0,10,6.672494
73.0,10,6.675197
68.0,10,6.67792
100.0,10,6.680614
0.0,10,6.683337
18.0,10,6.686049
103.0,10,6.688772
70.0,10,6.691497
132.0,10,6.694248
10.0,10,6.696998
24.0,10,6.699771
68.0,10,6.702502
91.0,10,6.70529
5.0,10,6.708013
89.0,10,6.710736
79.0,10,6.713488
86.0,10,6.716211
35.0,10,6.718913
103.0,10,6.721622
86.0,10,6.724339
149.0,10,6.727045
-7.0,10,6.729739
114.0,10,6.732467
63.0,10,6.735271
68.0,10,6.737973
28.0,10,6.740718
58.0,10,6.743439
91.0,10,6.746186
-17.0,10,6.748919
49.0,10,6.751626
56.0,10,6.754344
23.0,10,6.757067
81.0,10,6.759793
75.0,10,6.762495
126.0,10,6.765257
49.0,10,6.768012
114.0,10,6.771598
77.0,10,6.774383
68.0,10,6.777109
42.0,10,6.779864
14.0,10,6.782573
-4.0,10,6.785289
79.0,10,6.788035
-33.0,10,6.790761
49.0,10,6.793493
5.0,10,6.796213
49.0,10,6.798943
112.0,10,6.801675
68.0,10,6.804386
85.0,10,6.807096
114.0,10,6.809832
99.0,10,6.812569
49.0,10,6.815278
117.0,10,6.817982
43.0,10,6.820734
90.0,10,6.823454
177.0,10,6.826168
55.0,10,6.828856
126.0,10,6.831554
91.0,10,6.834333
61.0,10,6.837041
112.0,10,6.839745
126.0,10,6.842451
30.0,10,6.845161
132.0,10,6.847893
73.0,10,6.85063
57.0,10,6.85335
58.0,10,6.856081
23.0,10,6.858799
121.0,10,6.861537
-14.0,10,6.864252
142.0,10,6.867044
8.0,10,6.869786
200.0,10,6.872504
67.0,10,6.875223
34.0,10,6.877956
96.0,10,6.880681
84.0,10,6.883396
112.0,10,6.886101
101.0,10,6.888816
15.0,10,6.89152
142.0,10,6.894235
147.0,10,6.896949
98.0,10,6.899723
78.0,10,6.902442
149.0,10,6.905172
39.0,10,6.908798
117.0,10,6.911568
73.0,10,6.914318
47.0,10,6.917037
-2.0,10,6.919722
131.0,10,6.922431
22.0,10,6.925162
40.0,10,6.927886
29.0,10,6.930615
78.0,10,6.933358
96.0,10,6.9361
50.0,10,6.938797
61.0,10,6.941512
91.0,10,6.944204
177.0,10,6.946909
74.0,10,6.949638
39.0,10,6.952376
61.0,10,6.955075
17.0,10,6.957804
50.0,10,6.960523
147.0,10,6.963238
31.0,10,6.966037
85.0,10,6.968789
-11.0,10,6.971514
142.0,10,6.974222
68.0,10,6.976945
-32.0,10,6.979662
54.0,10,6.982373
121.0,10,6.985085
-12.0,10,6.987784
43.0,10,6.99049
103.0,10,6.993209
108.0,10,6.995905
103.0,10,6.998677
46.0,10,7.001406
112.0,10,7.004116
22.0,10,7.006805
-9.0,10,7.009552
66.0,10,7.012257
68.0,10,7.015008
76.0,10,7.01772
72.0,10,7.02042
50.0,10,7.023121
96.0,10,7.025841
49.0,10,7.02857
51.0,10,7.03127
119.0,10,7.034076
96.0,10,7.036784
57.0,10,7.039508
58.0,10,7.042223
172.0,10,7.045891
-58.0,10,7.048682
79.0,10,7.051408
155.0,10,7.054125
172.0,10,7.056822
94.0,10,7.059506
126.0,10,7.062221
91.0,10,7.064981
117.0,10,7.067723
77.0,10,7.070429
43.0,10,7.073149
-63.0,10,7.07589
40.0,10,7.078633
101.0,10,7.081362
110.0,10,7.084087
68.0,10,7.086815
13.0,10,7.089532
126.0,10,7.092256
102.0,10,7.094968
131.0,10,7.09766
79.0,10,7.100456
26.0,10,7.103167
65.0,10,7.105921
10.0,10,7.108654
58.0,10,7.111364
119.0,10,7.114089
68.0,10,7.116803
-16.0,10,7.119507
149.0,10,7.122233
18.0,10,7.124949
43.0,10,7.12767
59.0,10,7.130393
53.0,10,7.133175
89.0,10,7.135884
86.0,10,7.13861
59.0,10,7.141347
44.0,10,7.144065
47.0,10,7.146801
14.0,10,7.149511
91.0,10,7.152394
9.0,10,7.155312
42.0,10,7.158287
95.0,10,7.161282
112.0,10,7.16411
-10.0,10,7.166991
79.0,10,7.17002
59.0,10,7.173098
2.0,10,7.176177
12.0,10,7.179313
73.0,10,7.182307
9.0,10,7.186124
56.0,10,7.189146
7.0,10,7.19216
61.0,10,7.195267
29.0,10,7.198254
8.0,10,7.201318
26.0,10,7.204416
56.0,10,7.207471
63.0,10,7.210403
91.0,10,7.21356
-17.0,10,7.216612
19.0,10,7.219711
71.0,10,7.222747
50.0,10,7.225743
172.0,10,7.228879
86.0,10,7.231797
47.0,10,7.234814
45.0,10,7.23778
42.0,10,7.240745
142.0,10,7.24359
-31.0,10,7.246601
3.0,10,7.24976
61.0,10,7.252689
14.0,10,7.255637
119.0,10,7.258464
86.0,10,7.261285
147.0,10,7.264136
34.0,10,7.267278
117.0,10,7.270165
94.0,10,7.27303
101.0,10,7.275814
132.0,10,7.278562
53.0,10,7.281368
1.0,10,7.284167
103.0,10,7.286964
80.0,10,7.289705
107.0,10,7.292448
177.0,10,7.295222
132.0,10,7.297945
119.0,10,7.300759
75.0,10,7.303508
58.0,10,7.306277
61.0,10,7.309084
149.0,10,7.311855
140.0,10,7.314618
140.0,10,7.317391
24.0,10,7.320134
73.0,10,7.322852
-1.0,10,7.325559
39.0,10,7.328331
87.0,10,7.332158
73.0,10,7.335
57.0,10,7.337752
89.0,10,7.340503
-4.0,10,7.343253
71.0,10,7.346001
59.0,10,7.34876
74.0,10,7.351504
-129.0,10,7.354224
14.0,10,7.356958
15.0,10,7.35973
54.0,10,7.362457
121.0,10,7.365214
42.0,10,7.367967
154.0,10,7.370682
-6.0,10,7.373432
154.0,10,7.376157
11.0,10,7.378885
23.0,10,7.3816
89.0,10,7.38433
61.0,10,7.387059
38.0,10,7.38976
8.0,10,7.392494
50.0,10,7.395227
71.0,10,7.397971
124.0,10,7.400739
132.0,10,7.40349
68.0,10,7.406231
70.0,10,7.409011
33.0,10,7.411749
80.0,10,7.414506
94.0,10,7.417246
59.0,10,7.419989
63.0,10,7.422741
57.0,10,7.425509
94.0,10,7.428268
7.0,10,7.430977
74.0,10,7.433791
96.0,10,7.436531
45.0,10,7.439279
109.0,10,7.442014
31.0,10,7.444811
109.0,10,7.447597
131.0,10,7.450324
79.0,10,7.453059
51.0,10,7.455786
54.0,10,7.458517
121.0,10,7.461233
23.0,10,7.463941
96.0,10,7.466713
96.0,10,7.470467
112.0,10,7.473223
119.0,10,7.475983
13.0,10,7.478723
81.0,10,7.481478
79.0,10,7.484231
29.0,10,7.486979
32.0,10,7.489734
94.0,10,7.492476
57.0,10,7.495217
53.0,10,7.497935
74.0,10,7.500702
142.0,10,7.503409
107.0,10,7.506142
68.0,10,7.508862
49.0,10,7.51158
114.0,10,7.514338
172.0,10,7.517076
121.0,10,7.51979
96.0,10,7.522505
63.0,10,7.525222
96.0,10,7.527934
9.0,10,7.530656
52.0,10,7.533418
114.0,10,7.536165
147.0,10,7.538883
154.0,10,7.541594
147.0,10,7.544308
147.0,10,7.547039
117.0,10,7.549722
124.0,10,7.552457
172.0,10,7.555203
172.0,10,7.557936
69.0,10,7.560665
149.0,10,7.56339
142.0,10,7.566145
154.0,10,7.568866
165.0,10,7.571601
103.0,10,7.574324
103.0,10,7.577055
79.0,10,7.579866
96.0,10,7.582621
96.0,10,7.585327
77.0,10,7.588058
121.0,10,7.590791
112.0,10,7.593498
75.0,10,7.596235
62.0,10,7.598994
93.0,10,7.601743
177.0,10,7.604481
116.0,10,7.608161
-1.0,10,7.610964
119.0,10,7.613728
94.0,10,7.616462
82.0,10,7.619222
38.0,10,7.621996
98.0,10,7.624766
142.0,10,7.627495
126.0,10,7.630234
25.0,10,7.632982
170.0,10,7.635742
96.0,10,7.638493
95.0,10,7.641187
82.0,10,7.643943
86.0,10,7.646694
41.0,10,7.649404
7.0,10,7.652136
109.0,10,7.654863
56.0,10,7.657572
36.0,10,7.660302
26.0,10,7.66303
72.0,10,7.665772
44.0,10,7.668516
22.0,10,7.671222
114.0,10,7.673933
52.0,10,7.676658
124.0,10,7.67938
68.0,10,7.682104
96.0,10,7.684865
50.0,10,7.687582
40.0,10,7.690332
73.0,10,7.693048
73.0,10,7.695736
40.0,10,7.698484
66.0,10,7.701286
15.0,10,7.703994
101.0,10,7.706729
41.0,10,7.709487
126.0,10,7.712244
86.0,10,7.714967
147.0,10,7.717719
78.0,10,7.720417
142.0,10,7.72314
98.0,10,7.725844
51.0,10,7.728551
177.0,10,7.731256
114.0,10,7.734003
-18.0,10,7.736769
142.0,10,7.739495
74.0,10,7.742203
38.0,10,7.745872
119.0,10,7.748657
91.0,10,7.751438
93.0,10,7.754183
112.0,10,7.756932
33.0,10,7.759659
79.0,10,7.762374
33.0,10,7.765121
65.0,10,7.767922
103.0,10,7.770668
124.0,10,7.773404
101.0,10,7.776102
80.0,10,7.778804
5.0,10,7.78152
126.0,10,7.784243
7.0,10,7.786982
109.0,10,7.789684
49.0,10,7.792422
124.0,10,7.795143
101.0,10,7.797852
27.0,10,7.800652
58.0,10,7.8034
-13.0,10,7.806126
78.0,10,7.808838
75.0,10,7.811606
43.0,10,7.81436
43.0,10,7.817097
75.0,10,7.819796
89.0,10,7.822506
68.0,10,7.825276
35.0,10,7.828005
154.0,10,7.830738
-12.0,10,7.833555
5.0,10,7.836261
86.0,10,7.838981
65.0,10,7.841731
-31.0,10,7.844467
149.0,10,7.847218
82.0,10,7.849939
64.0,10,7.852646
94.0,10,7.855361
9.0,10,7.858076
81.0,10,7.86078
68.0,10,7.863498
76.0,10,7.86626
23.0,10,7.868972
-37.0,10,7.871657
89.0,10,7.874372
154.0,10,7.877083
76.0,10,7.879822
54.0,10,7.883493
46.0,10,7.886345
149.0,10,7.889089
43.0,10,7.891834
108.0,10,7.894548
53.0,10,7.897282
3.0,10,7.900018
74.0,10,7.902745
149.0,10,7.905467
126.0,10,7.908201
61.0,10,7.910938
51.0,10,7.913673
119.0,10,7.916416
26.0,10,7.919134
103.0,10,7.921846
98.0,10,7.924573
126.0,10,7.927291
132.0,10,7.930018
87.0,10,7.932794
17.0,10,7.935561
-25.0,10,7.93826
147.0,10,7.94097
63.0,10,7.94369
177.0,10,7.946417
86.0,10,7.949115
119.0,10,7.951834
67.0,10,7.954533
67.0,10,7.957275
84.0,10,7.960007
52.0,10,7.962721
57.0,10,7.96546
3.0,10,7.968171
31.0,10,7.970891
80.0,10,7.973606
-5.0,10,7.976366
132.0,10,7.979144
50.0,10,7.981878
9.0,10,7.984609
71.0,10,7.987322
147.0,10,7.990038
147.0,10,7.992748
35.0,10,7.995445
96.0,10,7.998164
79.0,10,8.000907
71.0,10,8.003591
86.0,10,8.006304
53.0,10,8.00903
-40.0,10,8.011738
97.0,10,8.014462
80.0,10,8.017219
147.0,10,8.020848
149.0,10,8.023649
149.0,10,8.02639
177.0,10,8.029111
147.0,10,8.031841
155.0,10,8.034596
119.0,10,8.037334
85.0,10,8.040072
104.0,10,8.042805
61.0,10,8.045505
80.0,10,8.048268
66.0,10,8.050997
147.0,10,8.053692
51.0,10,8.056413
154.0,10,8.059142
114.0,10,8.061904
33.0,10,8.06464
48.0,10,8.067442
119.0,10,8.070173
126.0,10,8.07291
96.0,10,8.07563
119.0,10,8.078344
144.0,10,8.081092
119.0,10,8.08382
10.0,10,8.086551
91.0,10,8.089266
121.0,10,8.091969
177.0,10,8.094651
75.0,10,8.097367
200.0,10,8.100126
154.0,10,8.10287
54.0,10,8.105612
177.0,10,8.108314
50.0,10,8.111073
154.0,10,8.113814
86.0,10,8.116531
66.0,10,8.11929
74.0,10,8.122037
131.0,10,8.124779
114.0,10,8.127486
101.0,10,8.130165
33.0,10,8.132955
78.0,10,8.135673
82.0,10,8.138408
154.0,10,8.141162
126.0,10,8.143918
96.0,10,8.146681
38.0,10,8.149387
33.0,10,8.152138
70.0,10,8.154905
94.0,10,8.158538
126.0,10,8.161351
103.0,10,8.164123
89.0,10,8.16689
119.0,10,8.169646
68.0,10,8.172381
67.0,10,8.175127
147.0,10,8.177857
149.0,10,8.180596
142.0,10,8.183313
48.0,10,8.186053
119.0,10,8.188796
61.0,10,8.191524
86.0,10,8.19425
131.0,10,8.196986
84.0,10,8.199702
170.0,10,8.202432
125.0,10,8.205153
144.0,10,8.207886
91.0,10,8.210632
70.0,10,8.213368
46.0,10,8.216105
96.0,10,8.218815
70.0,10,8.221525
117.0,10,8.224236
72.0,10,8.226952
71.0,10,8.229649
38.0,10,8.232376
45.0,10,8.235073
149.0,10,8.237787
124.0,10,8.240518
6.0,10,8.243238
101.0,10,8.245938
64.0,10,8.248677
94.0,10,8.251417
75.0,10,8.254105
131.0,10,8.256832
108.0,10,8.25959
41.0,10,8.262291
71.0,10,8.265016
91.0,10,8.267748
135.0,10,8.270468
98.0,10,8.273213
17.0,10,8.27592
96.0,10,8.278626
75.0,10,8.281371
-30.0,10,8.284098
91.0,10,8.286851
126.0,10,8.289563
43.0,10,8.292279
61.0,10,8.295877
54.0,10,8.298628
126.0,10,8.301408
57.0,10,8.304144
75.0,10,8.306882
61.0,10,8.309602
63.0,10,8.312331
84.0,10,8.315081
22.0,10,8.317802
131.0,10,8.320516
75.0,10,8.323223
59.0,10,8.325937
13.0,10,8.328682
29.0,10,8.331378
89.0,10,8.334135
121.0,10,8.33685
45.0,10,8.339601
170.0,10,8.342343
73.0,10,8.345051
89.0,10,8.347754
71.0,10,8.350497
101.0,10,8.353203
25.0,10,8.355902
108.0,10,8.358606
127.0,10,8.361348
75.0,10,8.364053
103.0,10,8.366839
119.0,10,8.369584
149.0,10,8.372304
124.0,10,8.375003
84.0,10,8.3777
53.0,10,8.380508
51.0,10,8.383223
96.0,10,8.385916
66.0,10,8.388611
68.0,10,8.391377
43.0,10,8.394079
121.0,10,8.396798
142.0,10,8.399536
124.0,10,8.402269
62.0,10,8.405067
76.0,10,8.407767
104.0,10,8.410483
108.0,10,8.413208
66.0,10,8.415904
47.0,10,8.418618
31.0,10,8.421334
112.0,10,8.42404
172.0,10,8.426785
73.0,10,8.429528
112.0,10,8.433283
55.0,10,8.436069
172.0,10,8.438805
51.0,10,8.441541
45.0,10,8.444256
131.0,10,8.447028
38.0,10,8.44975
67.0,10,8.45244
31.0,10,8.455149
93.0,10,8.457854
75.0,10,8.460579
56.0,10,8.463287
101.0,10,8.466059
114.0,10,8.468791
114.0,10,8.471504
-56.0,10,8.474221
47.0,10,8.47694
112.0,10,8.479665
89.0,10,8.482363
24.0,10,8.485048
96.0,10,8.48775
78.0,10,8.490499
49.0,10,8.493242
126.0,10,8.495958
97.0,10,8.498709
36.0,10,8.501451
-23.0,10,8.504172
12.0,10,8.506877
94.0,10,8.509566
82.0,10,8.512305
177.0,10,8.515044
67.0,10,8.517765
28.0,10,8.520485
117.0,10,8.52321
34.0,10,8.525927
72.0,10,8.52865
49.0,10,8.531352
73.0,10,8.534074
94.0,10,8.536774
149.0,10,8.5395
147.0,10,8.542238
72.0,10,8.544948
64.0,10,8.547658
78.0,10,8.55038
121.0,10,8.553109
49.0,10,8.555835
57.0,10,8.558555
86.0,10,8.561273
84.0,10,8.563979
58.0,10,8.566707
101.0,10,8.570189
149.0,10,8.57295
172.0,10,8.575681
86.0,10,8.578416
18.0,10,8.581164
40.0,10,8.583879
58.0,10,8.586583
66.0,10,8.589286
107.0,10,8.592032
50.0,10,8.594726
131.0,10,8.59744
-8.0,10,8.600219
68.0,10,8.60294
44.0,10,8.605678
96.0,10,8.608401
4.0,10,8.611098
-28.0,10,8.613813
114.0,10,8.616548
33.0,10,8.619256
119.0,10,8.621956
108.0,10,8.624695
56.0,10,8.627419
-70.0,10,8.630133
142.0,10,8.632927
-22.0,10,8.635664
107.0,10,8.638408
59.0,10,8.641118
119.0,10,8.643875
1.0,10,8.646654
30.0,10,8.649404
98.0,10,8.652118
54.0,10,8.654859
107.0,10,8.657574
68.0,10,8.660292
-22.0,10,8.663042
82.0,10,8.665771
93.0,10,8.668517
45.0,10,8.67122
147.0,10,8.673924
89.0,10,8.676633
61.0,10,8.679385
98.0,10,8.682104
107.0,10,8.684853
63.0,10,8.687575
119.0,10,8.690281
101.0,10,8.693029
68.0,10,8.695767
82.0,10,8.698473
114.0,10,8.701248
40.0,10,8.704007
177.0,10,8.707691
165.0,10,8.710465
112.0,10,8.713256
74.0,10,8.715982
142.0,10,8.718735
0.0,10,8.721473
112.0,10,8.724195
68.0,10,8.726947
75.0,10,8.729684
23.0,10,8.732407
126.0,10,8.735172
50.0,10,8.7379
109.0,10,8.740634
36.0,10,8.74335
53.0,10,8.746052
59.0,10,8.748749
147.0,10,8.75147
93.0,10,8.754164
144.0,10,8.756886
54.0,10,8.759598
117.0,10,8.762296
147.0,10,8.764999
147.0,10,8.767752
20.0,10,8.770463
102.0,10,8.773175
95.0,10,8.77589
91.0,10,8.778625
119.0,10,8.781354
98.0,10,8.784066
66.0,10,8.786786
108.0,10,8.789542
102.0,10,8.792266
124.0,10,8.795
119.0,10,8.797715
144.0,10,8.800462
29.0,10,8.803196
84.0,10,8.805903
79.0,10,8.808629
75.0,10,8.811361
-11.0,10,8.814079
-83.0,10,8.816818
-37.0,10,8.819508
84.0,10,8.822211
137.0,10,8.824909
79.0,10,8.827599
79.0,10,8.830308
0.0,10,8.833077
93.0,10,8.835801
75.0,10,8.838518
-33.0,10,8.841233
63.0,10,8.844968
-2.0,10,8.847803
119.0,10,8.850535
63.0,10,8.853264
15.0,10,8.855981
114.0,10,8.8587
142.0,10,8.861469
172.0,10,8.864179
94.0,10,8.866895
30.0,10,8.869631
135.0,10,8.872343
149.0,10,8.875083
74.0,10,8.877829
79.0,10,8.880563
65.0,10,8.88325
79.0,10,8.885967
61.0,10,8.8887
117.0,10,8.891415
72.0,10,8.89411
114.0,10,8.896829
64.0,10,8.89956
45.0,10,8.902265
5.0,10,8.904985
126.0,10,8.907695
68.0,10,8.910471
33.0,10,8.913227
75.0,10,8.915939
47.0,10,8.918674
91.0,10,8.921387
11.0,10,8.924103
126.0,10,8.926809
89.0,10,8.929489
101.0,10,8.932244
170.0,10,8.934986
40.0,10,8.937711
116.0,10,8.940426
114.0,10,8.943117
121.0,10,8.945852
126.0,10,8.948629
154.0,10,8.951327
81.0,10,8.954033
154.0,10,8.956731
65.0,10,8.959459
98.0,10,8.962188
63.0,10,8.964887
8.0,10,8.967639
132.0,10,8.970345
154.0,10,8.973071
82.0,10,8.975825
126.0,10,8.978566
68.0,10,8.982294
59.0,10,8.98509
81.0,10,8.987882
72.0,10,8.99069
147.0,10,8.99347
94.0,10,8.996245
10.0,10,8.998979
89.0,10,9.00171
140.0,10,9.004439
119.0,10,9.007172
177.0,10,9.009947
45.0,10,9.012689
4.0,10,9.015443
73.0,10,9.01817
102.0,10,9.020903
72.0,10,9.023617
177.0,10,9.026339
116.0,10,9.029044
72.0,10,9.031759
124.0,10,9.034517
177.0,10,9.037232
-6.0,10,9.039933
98.0,10,9.042636
66.0,10,9.045389
93.0,10,9.048128
87.0,10,9.050842
114.0,10,9.053558
119.0,10,9.056278
91.0,10,9.05902
70.0,10,9.06172
66.0,10,9.064435
147.0,10,9.067232
170.0,10,9.069943
147.0,10,9.072672
119.0,10,9.07537
154.0,10,9.078054
96.0,10,9.080755
119.0,10,9.08345
51.0,10,9.086165
59.0,10,9.088853
73.0,10,9.091569
98.0,10,9.094318
126.0,10,9.097027
22.0,10,9.09976
73.0,10,9.102489
103.0,10,9.105196
63.0,10,9.107925
45.0,10,9.11067
81.0,10,9.113446
86.0,10,9.116162
96.0,10,9.119845
154.0,10,9.122624
126.0,10,9.125318
140.0,10,9.128007
80.0,10,9.130711
149.0,10,9.133414
120.0,10,9.136108
121.0,10,9.13881
103.0,10,9.141511
154.0,10,9.144203
108.0,10,9.146932
96.0,10,9.149632
71.0,10,9.15232
43.0,10,9.155023
79.0,10,9.157743
96.0,10,9.160438
200.0,10,9.163142
114.0,10,9.165842
96.0,10,9.168559
52.0,10,9.171247
39.0,10,9.173955
124.0,10,9.176662
82.0,10,9.17935
117.0,10,9.182051
50.0,10,9.184754
56.0,10,9.187441
39.0,10,9.190125
86.0,10,9.192832
98.0,10,9.195539
96.0,10,9.198231
73.0,10,9.200937
91.0,10,9.203789
73.0,10,9.206572
68.0,10,9.20932
68.0,10,9.212037
49.0,10,9.214779
80.0,10,9.217582
63.0,10,9.220391
36.0,10,9.223192
142.0,10,9.225925
103.0,10,9.228646
91.0,10,9.231342
78.0,10,9.234037
89.0,10,9.236765
114.0,10,9.239448
89.0,10,9.242149
48.0,10,9.244868
39.0,10,9.247592
149.0,10,9.250294
23.0,10,9.253007
30.0,10,9.256735
-12.0,10,9.259535
127.0,10,9.262263
98.0,10,9.264981
119.0,10,9.2677
103.0,10,9.270381
110.0,10,9.273088
73.0,10,9.275816
126.0,10,9.278518
75.0,10,9.281243
50.0,10,9.284024
98.0,10,9.28674
-5.0,10,9.289459
3.0,10,9.292183
51.0,10,9.294892
126.0,10,9.29761
119.0,10,9.300317
142.0,10,9.303027
96.0,10,9.305716
40.0,10,9.308433
91.0,10,9.311146
94.0,10,9.313859
177.0,10,9.316574
112.0,10,9.319268
98.0,10,9.321967
30.0,10,9.324672
91.0,10,9.327389
149.0,10,9.330091
68.0,10,9.332809
29.0,10,9.33552
91.0,10,9.338214
149.0,10,9.340901
142.0,10,9.343602
149.0,10,9.346294
149.0,10,9.349005
147.0,10,9.351695
68.0,10,9.354388
124.0,10,9.357131
121.0,10,9.359826
81.0,10,9.362535
69.0,10,9.365221
97.0,10,9.367951
91.0,10,9.370663
93.0,10,9.373364
98.0,10,9.376056
74.0,10,9.37877
142.0,10,9.381512
57.0,10,9.384226
101.0,10,9.386906
112.0,10,9.389604
119.0,10,9.393212
149.0,10,9.395989
69.0,10,9.398749
73.0,10,9.401514
119.0,10,9.4043
71.0,10,9.407029
124.0,10,9.409729
59.0,10,9.412409
72.0,10,9.415094
112.0,10,9.417743
89.0,10,9.420479
36.0,10,9.423181
72.0,10,9.425867
49.0,10,9.428566
43.0,10,9.43126
33.0,10,9.433958
137.0,10,9.436631
98.0,10,9.439319
114.0,10,9.442022
91.0,10,9.44472
64.0,10,9.447425
154.0,10,9.450121
117.0,10,9.452829
119.0,10,9.455522
119.0,10,9.458222
137.0,10,9.460903
154.0,10,9.463604
144.0,10,9.466304
125.0,10,9.469021
60.0,10,9.471729
144.0,10,9.474426
-40.0,10,9.477115
82.0,10,9.479821
40.0,10,9.482522
82.0,10,9.485216
112.0,10,9.487912
94.0,10,9.490593
101.0,10,9.493312
73.0,10,9.49636
40.0,10,9.499262
76.0,10,9.502045
72.0,10,9.50496
126.0,10,9.507734
64.0,10,9.510549
42.0,10,9.513323
86.0,10,9.516087
154.0,10,9.518819
147.0,10,9.521557
89.0,10,9.524284
79.0,10,9.52701
80.0,10,9.530899
58.0,10,9.533727
142.0,10,9.536465
95.0,10,9.539207
124.0,10,9.541946
124.0,10,9.544667
154.0,10,9.547365
66.0,10,9.550082
91.0,10,9.552804
109.0,10,9.555539
75.0,10,9.558301
73.0,10,9.561031
112.0,10,9.563766
36.0,10,9.566531
82.0,10,9.569247
67.0,10,9.571966
49.0,10,9.574756
72.0,10,9.577511
64.0,10,9.580266
37.0,10,9.583002
6.0,10,9.58571
117.0,10,9.588429
84.0,10,9.591167
64.0,10,9.593896
107.0,10,9.596639
38.0,10,9.599421
112.0,10,9.602158
81.0,10,9.604902
46.0,10,9.607627
149.0,10,9.610381
19.0,10,9.613116
-19.0,10,9.615846
144.0,10,9.618565
65.0,10,9.621273
45.0,10,9.624023
46.0,10,9.626757
68.0,10,9.629488
121.0,10,9.632189
69.0,10,9.634965
-18.0,10,9.637676
86.0,10,9.640435
45.0,10,9.643158
104.0,10,9.64587
96.0,10,9.648611
101.0,10,9.651292
81.0,10,9.653954
94.0,10,9.656702
121.0,10,9.659453
131.0,10,9.662153
91.0,10,9.664895
117.0,10,9.668695
104.0,10,9.671462
121.0,10,9.674195
68.0,10,9.676911
149.0,10,9.679646
108.0,10,9.682393
124.0,10,9.685122
131.0,10,9.687856
61.0,10,9.690587
93.0,10,9.693314
56.0,10,9.696036
177.0,10,9.698799
38.0,10,9.70157
64.0,10,9.704308
93.0,10,9.707047
147.0,10,9.709784
20.0,10,9.712546
45.0,10,9.715279
172.0,10,9.718029
172.0,10,9.72076
92.0,10,9.723485
80.0,10,9.726203
35.0,10,9.728915
98.0,10,9.731644
10.0,10,9.734412
135.0,10,9.737154
56.0,10,9.739871
33.0,10,9.7426
56.0,10,9.745314
58.0,10,9.748033
114.0,10,9.750774
82.0,10,9.753497
33.0,10,9.756197
77.0,10,9.758918
91.0,10,9.761645
28.0,10,9.764352
-88.0,10,9.767132
96.0,10,9.769854
32.0,10,9.772567
40.0,10,9.775334
84.0,10,9.778071
72.0,10,9.780793
144.0,10,9.783524
50.0,10,9.786234
22.0,10,9.788955
100.0,10,9.79166
24.0,10,9.79439
126.0,10,9.797111
98.0,10,9.799866
45.0,10,9.802591
137.0,10,9.806285
131.0,10,9.809091
61.0,10,9.811817
103.0,10,9.814562
114.0,10,9.817299
114.0,10,9.820068
71.0,10,9.822797
102.0,10,9.825519
104.0,10,9.828261
112.0,10,9.830986
80.0,10,9.83377
119.0,10,9.836503
149.0,10,9.839227
112.0,10,9.841951
98.0,10,9.844681
144.0,10,9.847427
96.0,10,9.850169
46.0,10,9.852902
108.0,10,9.855627
56.0,10,9.858349
44.0,10,9.861121
64.0,10,9.863832
65.0,10,9.866548
96.0,10,9.869243
36.0,10,9.871964
-35.0,10,9.87469
142.0,10,9.877433
71.0,10,9.880176
132.0,10,9.882886
104.0,10,9.885562
52.0,10,9.888292
9.0,10,9.891014
-56.0,10,9.893767
101.0,10,9.896515
57.0,10,9.899247
177.0,10,9.901985
50.0,10,9.904748
45.0,10,9.907451
31.0,10,9.910196
2.0,10,9.912944
100.0,10,9.915675
39.0,10,9.918377
53.0,10,9.921076
98.0,10,9.923796
147.0,10,9.926496
107.0,10,9.929208
59.0,10,9.93194
149.0,10,9.934715
177.0,10,9.937422
147.0,10,9.94015
87.0,10,9.943786
101.0,10,9.946591
140.0,10,9.949345
94.0,10,9.952091
96.0,10,9.954823
124.0,10,9.957555
45.0,10,9.960286
131.0,10,9.963014
132.0,10,9.965737
96.0,10,9.968499
103.0,10,9.971249
149.0,10,9.973969
144.0,10,9.976674
102.0,10,9.979445
73.0,10,9.982196
89.0,10,9.984942
58.0,10,9.987652
63.0,10,9.990377
75.0,10,9.993091
98.0,10,9.995804
81.0,10,9.998547
33.0,10,10.001298
114.0,10,10.004022
8.0,10,10.006767
126.0,10,10.009468
43.0,10,10.012166
79.0,10,10.014933
47.0,10,10.017653
63.0,10,10.020395
126.0,10,10.023113
85.0,10,10.02583
104.0,10,10.02855
79.0,10,10.031265
75.0,10,10.034064
88.0,10,10.03676
131.0,10,10.03947
7.0,10,10.042199
121.0,10,10.044924
78.0,10,10.047699
155.0,10,10.050452
126.0,10,10.053205
170.0,10,10.055925
114.0,10,10.058638
47.0,10,10.061375
68.0,10,10.064087
200.0,10,10.066855
97.0,10,10.069596
126.0,10,10.072324
73.0,10,10.075065
86.0,10,10.0778
87.0,10,10.081365
87.0,10,10.084185
49.0,10,10.08694
144.0,10,10.089668
64.0,10,10.092402
30.0,10,10.095116
119.0,10,10.097856
93.0,10,10.100644
74.0,10,10.103367
73.0,10,10.106086
81.0,10,10.108827
121.0,10,10.111559
125.0,10,10.114307
61.0,10,10.117037
72.0,10,10.119756
126.0,10,10.122473
68.0,10,10.125218
96.0,10,10.127956
154.0,10,10.130671
103.0,10,10.133455
101.0,10,10.136202
119.0,10,10.13893
170.0,10,10.141622
-23.0,10,10.144374
52.0,10,10.147097
154.0,10,10.149821
108.0,10,10.152556
131.0,10,10.155275
80.0,10,10.157991
172.0,10,10.160699
73.0,10,10.163412
149.0,10,10.166162
57.0,10,10.168925
52.0,10,10.171633
200.0,10,10.174323
126.0,10,10.177046
88.0,10,10.179783
96.0,10,10.182507
68.0,10,10.185206
200.0,10,10.187916
23.0,10,10.190629
124.0,10,10.193406
149.0,10,10.196148
102.0,10,10.198952
93.0,10,10.201705
78.0,10,10.204443
119.0,10,10.207153
91.0,10,10.209876
101.0,10,10.212621
71.0,10,10.215382
52.0,10,10.218904
131.0,10,10.221699
78.0,10,10.224453
119.0,10,10.227207
140.0,10,10.229974
1.0,10,10.232737
-9.0,10,10.235514
119.0,10,10.238241
86.0,10,10.240939
89.0,10,10.243695
59.0,10,10.246432
74.0,10,10.249141
54.0,10,10.251836
140.0,10,10.254536
79.0,10,10.257253
104.0,10,10.259976
50.0,10,10.262689
200.0,10,10.265413
119.0,10,10.268133
142.0,10,10.270832
80.0,10,10.273535
172.0,10,10.276258
29.0,10,10.278977
69.0,10,10.28169
126.0,10,10.284404
22.0,10,10.287126
59.0,10,10.289842
75.0,10,10.292562
21.0,10,10.295271
58.0,10,10.297956
64.0,10,10.300666
172.0,10,10.303385
-11.0,10,10.306093
95.0,10,10.308795
56.0,10,10.311509
101.0,10,10.314176
66.0,10,10.316898
57.0,10,10.31959
35.0,10,10.322319
72.0,10,10.325006
91.0,10,10.327716
124.0,10,10.330437
44.0,10,10.333153
61.0,10,10.335856
85.0,10,10.33857
177.0,10,10.341256
57.0,10,10.343962
126.0,10,10.346706
101.0,10,10.349443
51.0,10,10.352227
96.0,10,10.355764
26.0,10,10.358544
-27.0,10,10.361243
86.0,10,10.364002
177.0,10,10.366758
200.0,10,10.369504
56.0,10,10.372201
45.0,10,10.374907
98.0,10,10.377614
91.0,10,10.380394
124.0,10,10.38311
79.0,10,10.38581
103.0,10,10.388511
119.0,10,10.391231
131.0,10,10.393949
97.0,10,10.39665
132.0,10,10.399391
47.0,10,10.402118
52.0,10,10.404833
91.0,10,10.40757
-26.0,10,10.410298
39.0,10,10.413046
68.0,10,10.415756
124.0,10,10.418479
87.0,10,10.421176
147.0,10,10.423911
147.0,10,10.42664
40.0,10,10.429366
126.0,10,10.432081
112.0,10,10.434875
119.0,10,10.437599
103.0,10,10.440317
55.0,10,10.443024
26.0,10,10.445727
91.0,10,10.448481
72.0,10,10.451216
81.0,10,10.453927
103.0,10,10.456639
96.0,10,10.45934
32.0,10,10.46203
131.0,10,10.464735
142.0,10,10.467524
103.0,10,10.470222
89.0,10,10.472949
177.0,10,10.475654
107.0,10,10.478386
-35.0,10,10.481131
56.0,10,10.483826
44.0,10,10.48655
121.0,10,10.489261
121.0,10,10.492646
52.0,10,10.495405
10.0,10,10.498135
108.0,10,10.500889
84.0,10,10.503641
80.0,10,10.506359
42.0,10,10.509113
101.0,10,10.511863
114.0,10,10.514609
99.0,10,10.517324
110.0,10,10.520062
142.0,10,10.522772
79.0,10,10.525498
119.0,10,10.528194
68.0,10,10.530915
114.0,10,10.533666
147.0,10,10.536386
76.0,10,10.539163
45.0,10,10.541866
68.0,10,10.544596
119.0,10,10.547344
102.0,10,10.550057
172.0,10,10.55278
89.0,10,10.555564
75.0,10,10.558276
96.0,10,10.561119
114.0,10,10.563865
149.0,10,10.566648
5.0,10,10.569382
44.0,10,10.57211
82.0,10,10.574853
101.0,10,10.577578
18.0,10,10.580318
94.0,10,10.583047
12.0,10,10.585799
61.0,10,10.588513
43.0,10,10.591223
28.0,10,10.593956
61.0,10,10.596695
96.0,10,10.599447
74.0,10,10.602195
52.0,10,10.604905
68.0,10,10.607611
67.0,10,10.610314
103.0,10,10.613022
82.0,10,10.615763
84.0,10,10.618473
85.0,10,10.621223
131.0,10,10.623952
82.0,10,10.62668
94.0,10,10.630275
96.0,10,10.633063
147.0,10,10.635813
50.0,10,10.638526
140.0,10,10.641217
19.0,10,10.64395
89.0,10,10.646691
52.0,10,10.649409
-21.0,10,10.652154
110.0,10,10.654889
-123.0,10,10.657604
32.0,10,10.660333
-20.0,10,10.663076
64.0,10,10.665812
10.0,10,10.668533
-75.0,10,10.671252
25.0,10,10.673964
-33.0,10,10.676682
-5.0,10,10.67941
72.0,10,10.682141
19.0,10,10.684885
40.0,10,10.687596
200.0,10,10.690317
170.0,10,10.69306
-35.0,10,10.695799
125.0,10,10.698511
102.0,10,10.701286
87.0,10,10.703994
-2.0,10,10.706729
-104.0,10,10.709452
77.0,10,10.71215
35.0,10,10.714906
79.0,10,10.717618
147.0,10,10.720319
7.0,10,10.723045
104.0,10,10.725784
147.0,10,10.728504
52.0,10,10.731272
54.0,10,10.734041
78.0,10,10.736793
101.0,10,10.739546
73.0,10,10.742245
-9.0,10,10.744941
121.0,10,10.747643
142.0,10,10.75033
43.0,10,10.753045
119.0,10,10.755787
79.0,10,10.758471
154.0,10,10.761159
81.0,10,10.763859
130.0,10,10.767441
26.0,10,10.770217
126.0,10,10.773022
97.0,10,10.775825
126.0,10,10.778601
51.0,10,10.781404
84.0,10,10.784148
73.0,10,10.786859
5.0,10,10.789583
200.0,10,10.792315
109.0,10,10.795052
45.0,10,10.797778
117.0,10,10.800539
43.0,10,10.803273
63.0,10,10.806007
170.0,10,10.808733
3.0,10,10.811457
49.0,10,10.814214
68.0,10,10.816956
131.0,10,10.819672
142.0,10,10.822403
126.0,10,10.825118
51.0,10,10.827819
126.0,10,10.830506
76.0,10,10.833306
131.0,10,10.83604
-11.0,10,10.83876
109.0,10,10.841479
124.0,10,10.844179
47.0,10,10.8469
126.0,10,10.849611
119.0,10,10.852337
84.0,10,10.855049
72.0,10,10.857758
102.0,10,10.860436
108.0,10,10.863169
126.0,10,10.865981
119.0,10,10.86871
91.0,10,10.871411
27.0,10,10.874127
-3.0,10,10.876849
119.0,10,10.879568
109.0,10,10.882328
114.0,10,10.885037
-11.0,10,10.887779
45.0,10,10.89046
109.0,10,10.893157
78.0,10,10.895848
109.0,10,10.898546
13.0,10,10.901338
12.0,10,10.904904
47.0,10,10.907708
109.0,10,10.910443
124.0,10,10.913182
109.0,10,10.915876
55.0,10,10.918612
35.0,10,10.921309
100.0,10,10.92403
55.0,10,10.926778
66.0,10,10.929508
149.0,10,10.932252
96.0,10,10.934974
121.0,10,10.937658
-54.0,10,10.940373
44.0,10,10.943129
96.0,10,10.94587
172.0,10,10.948595
165.0,10,10.951295
142.0,10,10.954008
26.0,10,10.956772
96.0,10,10.959516
121.0,10,10.962253
142.0,10,10.964952
42.0,10,10.96777
74.0,10,10.970477
23.0,10,10.973188
5.0,10,10.975896
12.0,10,10.97862
61.0,10,10.981333
-30.0,10,10.984055
119.0,10,10.986766
68.0,10,10.989479
80.0,10,10.992194
54.0,10,10.994867
172.0,10,10.997599
147.0,10,11.000365
101.0,10,11.003104
96.0,10,11.005826
64.0,10,11.008553
147.0,10,11.011297
165.0,10,11.014024
64.0,10,11.016731
85.0,10,11.019433
170.0,10,11.022109
103.0,10,11.024839
131.0,10,11.02756
63.0,10,11.030266
121.0,10,11.033018
172.0,10,11.035716
-23.0,10,11.038436
63.0,10,11.042034
98.0,10,11.044803
98.0,10,11.047536
103.0,10,11.050282
79.0,10,11.053002
67.0,10,11.055742
170.0,10,11.058488
142.0,10,11.06121
73.0,10,11.063902
87.0,10,11.066651
11.0,10,11.069365
96.0,10,11.072071
132.0,10,11.074796
85.0,10,11.07754
65.0,10,11.080254
125.0,10,11.082985
131.0,10,11.085686
126.0,10,11.088413
131.0,10,11.091129
132.0,10,11.093856
108.0,10,11.096573
73.0,10,11.099288
27.0,10,11.102054
126.0,10,11.10476
86.0,10,11.107451
126.0,10,11.110195
66.0,10,11.112947
98.0,10,11.115692
80.0,10,11.118413
15.0,10,11.12114
78.0,10,11.123866
79.0,10,11.126572
103.0,10,11.129273
96.0,10,11.132033
103.0,10,11.134756
80.0,10,11.137486
78.0,10,11.140196
62.0,10,11.142921
98.0,10,11.145651
68.0,10,11.148364
170.0,10,11.151061
86.0,10,11.153764
50.0,10,11.156493
35.0,10,11.159186
144.0,10,11.161903
20.0,10,11.164625
142.0,10,11.167398
47.0,10,11.170115
5.0,10,11.172826
101.0,10,11.175541
119.0,10,11.179057
59.0,10,11.181824
91.0,10,11.184581
96.0,10,11.187276
119.0,10,11.189976
119.0,10,11.19268
103.0,10,11.19538
131.0,10,11.198102
144.0,10,11.200894
93.0,10,11.20361
12.0,10,11.206336
142.0,10,11.209075
200.0,10,11.211783
82.0,10,11.214498
102.0,10,11.217205
119.0,10,11.219913
149.0,10,11.222638
66.0,10,11.225345
149.0,10,11.228049
31.0,10,11.230751
96.0,10,11.233505
177.0,10,11.236202
57.0,10,11.238891
29.0,10,11.241621
23.0,10,11.244331
3.0,10,11.247054
119.0,10,11.249757
28.0,10,11.252468
80.0,10,11.255162
112.0,10,11.257866
72.0,10,11.260602
50.0,10,11.263312
91.0,10,11.266102
51.0,10,11.268803
84.0,10,11.271547
64.0,10,11.274241
-16.0,10,11.276949
87.0,10,11.279687
61.0,10,11.282404
110.0,10,11.285138
70.0,10,11.287834
110.0,10,11.290548
-35.0,10,11.293293
20.0,10,11.295997
66.0,10,11.298761
142.0,10,11.301518
119.0,10,11.304239
91.0,10,11.306945
40.0,10,11.309697
95.0,10,11.312454
36.0,10,11.315946
-34.0,10,11.318718
140.0,10,11.321479
96.0,10,11.324233
35.0,10,11.326955
124.0,10,11.329664
95.0,10,11.332438
51.0,10,11.335205
31.0,10,11.337911
89.0,10,11.34065
96.0,10,11.343336
98.0,10,11.346008
94.0,10,11.348726
147.0,10,11.351425
101.0,10,11.354143
68.0,10,11.356888
154.0,10,11.359601
119.0,10,11.362304
140.0,10,11.365006
-56.0,10,11.367806
-47.0,10,11.370568
39.0,10,11.373277
142.0,10,11.376007
91.0,10,11.378705
112.0,10,11.381421
103.0,10,11.384175
-19.0,10,11.38689
24.0,10,11.3896
93.0,10,11.392304
47.0,10,11.395051
177.0,10,11.397774
67.0,10,11.400521
149.0,10,11.403241
-21.0,10,11.405966
108.0,10,11.408667
154.0,10,11.411405
177.0,10,11.414179
125.0,10,11.416892
34.0,10,11.419609
101.0,10,11.422325
172.0,10,11.425042
132.0,10,11.42774
117.0,10,11.430451
132.0,10,11.433212
67.0,10,11.435942
172.0,10,11.438641
87.0,10,11.441377
98.0,10,11.444118
117.0,10,11.446847
119.0,10,11.449575
177.0,10,11.453156
142.0,10,11.455897
33.0,10,11.458624
35.0,10,11.461329
131.0,10,11.46406
96.0,10,11.466853
177.0,10,11.469587
64.0,10,11.47234
61.0,10,11.475063
114.0,10,11.477789
172.0,10,11.480512
84.0,10,11.483218
66.0,10,11.485943
50.0,10,11.48867
81.0,10,11.491415
78.0,10,11.49415
84.0,10,11.496877
114.0,10,11.499648
66.0,10,11.50238
132.0,10,11.505105
101.0,10,11.507839
78.0,10,11.510547
21.0,10,11.51331
114.0,10,11.516
72.0,10,11.518719
108.0,10,11.521428
102.0,10,11.524157
125.0,10,11.526892
33.0,10,11.529625
154.0,10,11.532371
53.0,10,11.535144
43.0,10,11.537882
154.0,10,11.540583
142.0,10,11.543298
73.0,10,11.546046
86.0,10,11.548741
56.0,10,11.551457
-22.0,10,11.554183
67.0,10,11.556883
77.0,10,11.55958
102.0,10,11.562294
96.0,10,11.565015
119.0,10,11.567817
73.0,10,11.570561
46.0,10,11.573278
131.0,10,11.576012
81.0,10,11.578761
103.0,10,11.581503
96.0,10,11.584202
131.0,10,11.586928
105.0,10,11.590524
154.0,10,11.593302
-11.0,10,11.59603
72.0,10,11.59874
102.0,10,11.601495
200.0,10,11.604255
9.0,10,11.607002
104.0,10,11.609725
125.0,10,11.612425
-5.0,10,11.615129
102.0,10,11.617855
95.0,10,11.620572
41.0,10,11.623284
79.0,10,11.626014
131.0,10,11.628754
147.0,10,11.631453
80.0,10,11.634229
117.0,10,11.636958
-11.0,10,11.639699
124.0,10,11.642396
27.0,10,11.645124
51.0,10,11.647858
-88.0,10,11.650554
107.0,10,11.653263
38.0,10,11.655957
149.0,10,11.658638
98.0,10,11.661369
124.0,10,11.664077
68.0,10,11.666899
44.0,10,11.669634
142.0,10,11.672393
57.0,10,11.675102
75.0,10,11.677803
80.0,10,11.680527
63.0,10,11.683255
154.0,10,11.685952
101.0,10,11.688672
90.0,10,11.691384
114.0,10,11.694116
177.0,10,11.696831
121.0,10,11.699563
142.0,10,11.702249
10.0,10,11.705006
80.0,10,11.707722
63.0,10,11.710465
154.0,10,11.713229
89.0,10,11.71596
149.0,10,11.71867
84.0,10,11.72138
117.0,10,11.724118
98.0,10,11.727694
126.0,10,11.730484
126.0,10,11.733182
142.0,10,11.735882
132.0,10,11.738619
131.0,10,11.741341
87.0,10,11.744056
119.0,10,11.746783
97.0,10,11.749518
-50.0,10,11.752248
52.0,10,11.754961
144.0,10,11.757679
26.0,10,11.760378
25.0,10,11.763092
177.0,10,11.765806
58.0,10,11.768555
177.0,10,11.771278
66.0,10,11.773981
147.0,10,11.776711
31.0,10,11.77944
104.0,10,11.782162
56.0,10,11.784875
27.0,10,11.787569
50.0,10,11.790271
59.0,10,11.793003
61.0,10,11.795765
119.0,10,11.798487
98.0,10,11.801219
54.0,10,11.803921
131.0,10,11.806634
200.0,10,11.809343
132.0,10,11.812066
154.0,10,11.814794
124.0,10,11.817528
82.0,10,11.820233
112.0,10,11.822941
101.0,10,11.825638
72.0,10,11.828343
38.0,10,11.831051
52.0,10,11.83384
172.0,10,11.836555
109.0,10,11.839268
147.0,10,11.841987
69.0,10,11.844738
84.0,10,11.847468
99.0,10,11.850176
75.0,10,11.852899
121.0,10,11.855599
79.0,10,11.858337
73.0,10,11.861085
147.0,10,11.864611
67.0,10,11.86737
91.0,10,11.870143
126.0,10,11.872862
154.0,10,11.875652
154.0,10,11.878409
124.0,10,11.881139
114.0,10,11.883843
126.0,10,11.886585
149.0,10,11.889291
102.0,10,11.892002
103.0,10,11.894711
63.0,10,11.89742
149.0,10,11.900197
84.0,10,11.902884
155.0,10,11.905618
82.0,10,11.908333
127.0,10,11.911085
49.0,10,11.913823
110.0,10,11.916553
-2.0,10,11.919254
149.0,10,11.92196
73.0,10,11.92469
98.0,10,11.927416
149.0,10,11.93016
52.0,10,11.932948
58.0,10,11.935676
109.0,10,11.938371
59.0,10,11.941084
96.0,10,11.943796
89.0,10,11.946536
126.0,10,11.949268
132.0,10,11.951977
72.0,10,11.954675
131.0,10,11.957386
119.0,10,11.960128
57.0,10,11.962835
94.0,10,11.965594
67.0,10,11.968377
112.0,10,11.971086
89.0,10,11.97378
82.0,10,11.976509
91.0,10,11.979223
70.0,10,11.981971
84.0,10,11.984698
-27.0,10,11.987415
28.0,10,11.990115
48.0,10,11.992837
86.0,10,11.995535
43.0,10,11.998243
66.0,10,12.001731
-26.0,10,12.004465
97.0,10,12.007218
108.0,10,12.00993
104.0,10,12.012693
147.0,10,12.01541
109.0,10,12.018126
93.0,10,12.020858
131.0,10,12.023563
108.0,10,12.02627
108.0,10,12.029038
126.0,10,12.031773
34.0,10,12.034539
35.0,10,12.037246
149.0,10,12.03996
121.0,10,12.042676
-28.0,10,12.045385
177.0,10,12.048155
96.0,10,12.05089
28.0,10,12.053643
149.0,10,12.056365
200.0,10,12.059081
89.0,10,12.061774
142.0,10,12.064457
177.0,10,12.067248
43.0,10,12.069971
147.0,10,12.072702
94.0,10,12.075415
40.0,10,12.078138
126.0,10,12.080874
-40.0,10,12.083585
147.0,10,12.086281
124.0,10,12.089004
126.0,10,12.091729
121.0,10,12.094429
28.0,10,12.097128
103.0,10,12.099835
117.0,10,12.102561
101.0,10,12.105278
79.0,10,12.108023
126.0,10,12.110791
131.0,10,12.113525
177.0,10,12.116217
132.0,10,12.118964
124.0,10,12.121655
177.0,10,12.124376
132.0,10,12.12708
98.0,10,12.129777
69.0,10,12.132507
132.0,10,12.135221
131.0,10,12.138825
119.0,10,12.141631
154.0,10,12.14439
140.0,10,12.147102
200.0,10,12.149779
34.0,10,12.152593
147.0,10,12.155582
200.0,10,12.158521
126.0,10,12.161371
119.0,10,12.164298
124.0,10,12.167409
117.0,10,12.170404
49.0,10,12.173539
82.0,10,12.176554
49.0,10,12.179456
-44.0,10,12.182546
35.0,10,12.18561
87.0,10,12.188476
32.0,10,12.191561
40.0,10,12.194541
102.0,10,12.197495
11.0,10,12.200495
31.0,10,12.203422
-11.0,10,12.206362
154.0,10,12.209394
126.0,10,12.212427
103.0,10,12.215334
87.0,10,12.218434
43.0,10,12.221404
3.0,10,12.224395
34.0,10,12.227526
147.0,10,12.230524
86.0,10,12.23358
116.0,10,12.236728
126.0,10,12.23964
-18.0,10,12.242559
108.0,10,12.245547
35.0,10,12.248666
49.0,10,12.251649
89.0,10,12.254582
89.0,10,12.257442
119.0,10,12.260301
177.0,10,12.263261
47.0,10,12.266248
96.0,10,12.269157
126.0,10,12.271983
112.0,10,12.274804
131.0,10,12.277603
44.0,10,12.28039
102.0,10,12.283239
41.0,10,12.287086
101.0,10,12.28993
114.0,10,12.292725
80.0,10,12.29549
34.0,10,12.298244
18.0,10,12.301059
177.0,10,12.303868
95.0,10,12.306596
79.0,10,12.309325
34.0,10,12.312075
34.0,10,12.314924
42.0,10,12.317679
96.0,10,12.320485
27.0,10,12.323217
87.0,10,12.325978
140.0,10,12.32874
54.0,10,12.331489
102.0,10,12.334293
97.0,10,12.337068
70.0,10,12.339774
149.0,10,12.342508
132.0,10,12.34524
100.0,10,12.347982
147.0,10,12.350731
124.0,10,12.353445
37.0,10,12.356182
107.0,10,12.358915
200.0,10,12.361688
149.0,10,12.364401
50.0,10,12.367181
121.0,10,12.369926
102.0,10,12.372634
91.0,10,12.375407
144.0,10,12.37819
76.0,10,12.380945
98.0,10,12.383658
30.0,10,12.386425
109.0,10,12.389169
117.0,10,12.391884
117.0,10,12.394608
144.0,10,12.397353
149.0,10,12.400094
109.0,10,12.402824
72.0,10,12.405548
154.0,10,12.408282
177.0,10,12.410996
142.0,10,12.413745
126.0,10,12.416503
50.0,10,12.419244
66.0,10,12.421999
101.0,10,12.426004
35.0,10,12.428816
101.0,10,12.431545
40.0,10,12.434322
112.0,10,12.437058
147.0,10,12.439808
170.0,10,12.442571
149.0,10,12.445343
142.0,10,12.448087
-35.0,10,12.450822
140.0,10,12.453567
77.0,10,12.456246
87.0,10,12.459
73.0,10,12.46177
140.0,10,12.464517
96.0,10,12.467338
140.0,10,12.47008
109.0,10,12.472834
131.0,10,12.475641
94.0,10,12.478365
126.0,10,12.481099
121.0,10,12.483825
70.0,10,12.486539
96.0,10,12.489264
126.0,10,12.491994
93.0,10,12.494745
98.0,10,12.497469
177.0,10,12.500232
102.0,10,12.502955
41.0,10,12.505687
45.0,10,12.508385
112.0,10,12.511207
110.0,10,12.513958
117.0,10,12.51667
64.0,10,12.519421
172.0,10,12.52213
79.0,10,12.524829
63.0,10,12.527592
94.0,10,12.530315
108.0,10,12.533047
66.0,10,12.535778
89.0,10,12.538502
94.0,10,12.541212
87.0,10,12.543931
82.0,10,12.546617
124.0,10,12.549373
77.0,10,12.552099
72.0,10,12.554821
131.0,10,12.557545
51.0,10,12.560302
116.0,10,12.563975
126.0,10,12.56678
98.0,10,12.56952
131.0,10,12.572296
101.0,10,12.575073
200.0,10,12.577809
126.0,10,12.580585
131.0,10,12.583297
121.0,10,12.586014
59.0,10,12.588746
124.0,10,12.591488
14.0,10,12.594228
112.0,10,12.596959
42.0,10,12.599728
89.0,10,12.602462
96.0,10,12.60519
97.0,10,12.607898
73.0,10,12.61067
177.0,10,12.613429
44.0,10,12.616144
91.0,10,12.618873
13.0,10,12.621625
54.0,10,12.624345
119.0,10,12.627087
15.0,10,12.629822
200.0,10,12.632555
50.0,10,12.635328
28.0,10,12.638068
172.0,10,12.640793
140.0,10,12.643551
87.0,10,12.646328
119.0,10,12.649072
29.0,10,12.651822
200.0,10,12.654552
170.0,10,12.657265
63.0,10,12.660007
103.0,10,12.662723
131.0,10,12.66545
75.0,10,12.668216
-25.0,10,12.670925
116.0,10,12.673636
18.0,10,12.67632
154.0,10,12.679033
86.0,10,12.681759
72.0,10,12.684477
33.0,10,12.687219
107.0,10,12.689938
40.0,10,12.692657
126.0,10,12.695363
40.0,10,12.698093
68.0,10,12.701709
131.0,10,12.704515
126.0,10,12.707315
114.0,10,12.710065
137.0,10,12.712809
86.0,10,12.715568
52.0,10,12.718301
154.0,10,12.721031
177.0,10,12.723755
142.0,10,12.72648
131.0,10,12.729198
98.0,10,12.731919
132.0,10,12.734694
154.0,10,12.737484
154.0,10,12.740228
154.0,10,12.742965
119.0,10,12.745689
200.0,10,12.748447
119.0,10,12.75117
44.0,10,12.753943
154.0,10,12.75669
124.0,10,12.759437
149.0,10,12.762151
94.0,10,12.764874
87.0,10,12.767673
132.0,10,12.770384
64.0,10,12.773135
144.0,10,12.775863
75.0,10,12.778623
103.0,10,12.781413
124.0,10,12.784148
26.0,10,12.786837
124.0,10,12.789541
17.0,10,12.792252
132.0,10,12.794973
-52.0,10,12.79769
124.0,10,12.800494
177.0,10,12.803206
98.0,10,12.805921
47.0,10,12.808624
47.0,10,12.811364
121.0,10,12.814119
149.0,10,12.816835
12.0,10,12.819556
170.0,10,12.822276
59.0,10,12.824995
119.0,10,12.827723
73.0,10,12.830441
52.0,10,12.833206
74.0,10,12.835925
126.0,10,12.83961
149.0,10,12.842405
53.0,10,12.845159
114.0,10,12.847907
117.0,10,12.85064
70.0,10,12.85335
13.0,10,12.856073
154.0,10,12.858792
112.0,10,12.861488
126.0,10,12.864206
108.0,10,12.866961
68.0,10,12.869717
131.0,10,12.872456
149.0,10,12.875176
78.0,10,12.877924
94.0,10,12.88067
62.0,10,12.883398
124.0,10,12.886128
119.0,10,12.888854
131.0,10,12.891579
126.0,10,12.894286
73.0,10,12.897006
96.0,10,12.899742
119.0,10,12.902456
102.0,10,12.905228
132.0,10,12.907938
126.0,10,12.910696
2.0,10,12.913429
79.0,10,12.916192
50.0,10,12.918928
170.0,10,12.921666
177.0,10,12.924375
155.0,10,12.927124
107.0,10,12.929839
48.0,10,12.932576
96.0,10,12.93532
144.0,10,12.938025
102.0,10,12.940747
95.0,10,12.943478
33.0,10,12.946214
78.0,10,12.948952
49.0,10,12.951649
97.0,10,12.954347
109.0,10,12.957056
108.0,10,12.959762
103.0,10,12.96249
43.0,10,12.965203
43.0,10,12.967959
72.0,10,12.970677
48.0,10,12.973399
57.0,10,12.977098
98.0,10,12.979873
81.0,10,12.982592
97.0,10,12.985307
132.0,10,12.988022
147.0,10,12.990724
112.0,10,12.993424
114.0,10,12.996152
71.0,10,12.99888
40.0,10,13.001621
67.0,10,13.004347
154.0,10,13.007081
116.0,10,13.009811
142.0,10,13.012548
91.0,10,13.015268
119.0,10,13.017996
27.0,10,13.020716
75.0,10,13.023423
98.0,10,13.02616
121.0,10,13.028864
126.0,10,13.03157
142.0,10,13.034332
35.0,10,13.03705
46.0,10,13.039781
68.0,10,13.042492
91.0,10,13.045292
121.0,10,13.048055
57.0,10,13.050818
43.0,10,13.05357
35.0,10,13.056284
124.0,10,13.059024
126.0,10,13.061752
-3.0,10,13.064485
28.0,10,13.067237
103.0,10,13.069965
56.0,10,13.072672
46.0,10,13.075393
80.0,10,13.078118
-8.0,10,13.080847
103.0,10,13.083548
63.0,10,13.086272
58.0,10,13.088978
109.0,10,13.091705
131.0,10,13.094448
144.0,10,13.097181
80.0,10,13.099956
149.0,10,13.102679
104.0,10,13.105393
58.0,10,13.10809
50.0,10,13.110812
6.0,10,13.114425
131.0,10,13.117203
87.0,10,13.119965
102.0,10,13.122709
121.0,10,13.125449
147.0,10,13.128183
35.0,10,13.130898
126.0,10,13.133699
96.0,10,13.136437
17.0,10,13.139169
154.0,10,13.141884
172.0,10,13.144614
117.0,10,13.147338
50.0,10,13.150045
73.0,10,13.1528
124.0,10,13.155546
39.0,10,13.158281
89.0,10,13.160989
-12.0,10,13.163725
81.0,10,13.166504
85.0,10,13.16925
26.0,10,13.171977
-31.0,10,13.174694
96.0,10,13.177482
154.0,10,13.180221
59.0,10,13.18295
80.0,10,13.185675
121.0,10,13.188404
154.0,10,13.19113
131.0,10,13.193833
142.0,10,13.196542
131.0,10,13.199292
49.0,10,13.202026
56.0,10,13.204758
-38.0,10,13.207503
132.0,10,13.210253
81.0,10,13.212978
64.0,10,13.215683
21.0,10,13.218413
19.0,10,13.221124
108.0,10,13.223833
103.0,10,13.226538
28.0,10,13.229272
94.0,10,13.231968
20.0,10,13.234751
-25.0,10,13.237465
96.0,10,13.240178
43.0,10,13.242918
63.0,10,13.245645
102.0,10,13.248391
94.0,10,13.252057
131.0,10,13.254829
200.0,10,13.257579
11.0,10,13.260302
64.0,10,13.262998
103.0,10,13.265748
109.0,10,13.268471
89.0,10,13.271215
29.0,10,13.27394
112.0,10,13.276681
66.0,10,13.279417
51.0,10,13.282137
70.0,10,13.284861
59.0,10,13.287583
98.0,10,13.290303
37.0,10,13.293018
117.0,10,13.295732
124.0,10,13.298478
112.0,10,13.301221
114.0,10,13.303922
80.0,10,13.306654
38.0,10,13.309434
117.0,10,13.312173
124.0,10,13.314902
142.0,10,13.317626
-1.0,10,13.320351
66.0,10,13.323062
65.0,10,13.325777
80.0,10,13.328509
-10.0,10,13.331232
-110.0,10,13.334035
27.0,10,13.33676
-38.0,10,13.339496
95.0,10,13.342224
17.0,10,13.344952
-14.0,10,13.347668
27.0,10,13.350399
-9.0,10,13.353112
-13.0,10,13.35581
14.0,10,13.358496
79.0,10,13.361268
112.0,10,13.364013
-51.0,10,13.366758
91.0,10,13.369472
-51.0,10,13.372227
2.0,10,13.374961
40.0,10,13.377724
50.0,10,13.380464
39.0,10,13.383163
42.0,10,13.385883
-48.0,10,13.389431
66.0,10,13.392181
-68.0,10,13.394944
49.0,10,13.397673
26.0,10,13.400392
131.0,10,13.403116
29.0,10,13.40583
132.0,10,13.408558
-81.0,10,13.411265
140.0,10,13.413984
-18.0,10,13.416708
21.0,10,13.41943
-31.0,10,13.422156
57.0,10,13.424915
79.0,10,13.427599
17.0,10,13.430323
19.0,10,13.433095
-11.0,10,13.435812
-39.0,10,13.438547
44.0,10,13.441273
17.0,10,13.444036
95.0,10,13.446751
55.0,10,13.449597
121.0,10,13.452315
-28.0,10,13.455062
117.0,10,13.457766
-13.0,10,13.460503
39.0,10,13.463192
80.0,10,13.465934
49.0,10,13.468654
-48.0,10,13.471373
34.0,10,13.474064
-148.0,10,13.476777
114.0,10,13.479493
56.0,10,13.482202
45.0,10,13.484938
49.0,10,13.487648
56.0,10,13.490359
56.0,10,13.493086
119.0,10,13.495802
51.0,10,13.498512
91.0,10,13.501262
52.0,10,13.503968
125.0,10,13.506696
69.0,10,13.509399
121.0,10,13.512126
56.0,10,13.514831
61.0,10,13.517538
58.0,10,13.520244
77.0,10,13.522991
96.0,10,13.526706
24.0,10,13.529513
31.0,10,13.532257
73.0,10,13.535001
66.0,10,13.537711
119.0,10,13.540482
84.0,10,13.543212
75.0,10,13.545933
172.0,10,13.548644
177.0,10,13.551362
87.0,10,13.554104
135.0,10,13.556817
125.0,10,13.559517
114.0,10,13.562222
172.0,10,13.564931
93.0,10,13.567734
66.0,10,13.57043
87.0,10,13.573138
94.0,10,13.575861
96.0,10,13.578596
142.0,10,13.581332
87.0,10,13.584056
1.0,10,13.586773
64.0,10,13.589511
147.0,10,13.592249
57.0,10,13.594979
117.0,10,13.597704
65.0,10,13.60042
42.0,10,13.603142
-10.0,10,13.605874
79.0,10,13.608596
-13.0,10,13.611312
154.0,10,13.614039
57.0,10,13.616764
102.0,10,13.61949
124.0,10,13.622195
57.0,10,13.624923
79.0,10,13.627624
82.0,10,13.630318
117.0,10,13.633046
73.0,10,13.635792
63.0,10,13.638522
114.0,10,13.641196
103.0,10,13.643907
110.0,10,13.646604
72.0,10,13.649329
22.0,10,13.652039
147.0,10,13.654749
177.0,10,13.65746
119.0,10,13.66018
52.0,10,13.663902
172.0,10,13.666683
126.0,10,13.669412
112.0,10,13.672149
49.0,10,13.674884
142.0,10,13.67763
170.0,10,13.680369
125.0,10,13.683086
170.0,10,13.685811
3.0,10,13.688533
98.0,10,13.691241
114.0,10,13.693931
70.0,10,13.696672
59.0,10,13.699427
102.0,10,13.702203
103.0,10,13.704924
33.0,10,13.707632
154.0,10,13.710361
147.0,10,13.713117
177.0,10,13.715858
21.0,10,13.718592
149.0,10,13.721288
108.0,10,13.724001
177.0,10,13.726722
75.0,10,13.729425
94.0,10,13.732164
50.0,10,13.734885
109.0,10,13.737586
142.0,10,13.740322
87.0,10,13.743065
80.0,10,13.745772
149.0,10,13.748496
170.0,10,13.751236
72.0,10,13.753997
142.0,10,13.756737
147.0,10,13.759497
147.0,10,13.762212
93.0,10,13.764906
75.0,10,13.767669
125.0,10,13.770376
41.0,10,13.77309
117.0,10,13.7758
101.0,10,13.778531
23.0,10,13.781264
91.0,10,13.783968
147.0,10,13.786653
48.0,10,13.789359
89.0,10,13.792068
109.0,10,13.794771
117.0,10,13.797478
