#{"t_start": 1784594972.020052, "env_id": "None"}
r,l,t
-71.0,10,0.001924
-159.0,10,0.002277
-14.0,10,0.002621
-129.0,10,0.002933
-62.0,10,0.003621
-74.0,10,0.003973
-156.0,10,0.004319
-44.0,10,0.004632
-87.0,10,0.00523
-109.0,10,0.005543
-99.0,10,0.005875
-79.0,10,0.006196
-166.0,10,0.006785
-36.0,10,0.007099
-145.0,10,0.007427
-211.0,10,0.007755
-186.0,10,0.008366
-133.0,10,0.008687
-118.0,10,0.009018
-157.0,10,0.009339
-114.0,10,0.009913
-96.0,10,0.010228
-37.0,10,0.010558
-3.0,10,0.010876
-226.0,10,0.011433
-86.0,10,0.011762
-108.0,10,0.01212
-223.0,10,0.01245
4.0,10,0.013038
-151.0,10,0.013361
28.0,10,0.013709
-106.0,10,0.014027
-54.0,10,0.014593
-85.0,10,0.014923
-264.0,10,0.01526
-10.0,10,0.015577
-2.0,10,0.016145
-86.0,10,0.016471
-123.0,10,0.016811
-32.0,10,0.017125
-115.0,10,0.017753
-74.0,10,0.018101
-148.0,10,0.018462
-241.0,10,0.018791
-20.0,10,0.019373
-113.0,10,0.019704
-9.0,10,0.020046
-176.0,10,0.020364
-157.0,10,0.020979
31.0,10,0.021324
-137.0,10,0.021748
-86.0,10,0.022072
-208.0,10,0.022664
-225.0,10,0.023005
-220.0,10,0.023345
-72.0,10,0.023663
-89.0,10,0.024232
-74.0,10,0.024554
-122.0,10,0.024909
-259.0,10,0.025229
-152.0,10,0.025815
-141.0,10,0.026137
-88.0,10,0.026477
-196.0,10,0.026798
-63.0,10,0.027389
-39.0,10,0.02771
-231.0,10,0.028065
-155.0,10,0.028404
-69.0,10,0.029073
-66.0,10,0.029403
-200.0,10,0.029746
-99.0,10,0.030072
-108.0,10,0.030715
-31.0,10,0.031038
-121.0,10,0.031386
-54.0,10,0.031701
-79.0,10,0.032318
-179.0,10,0.032639
-230.0,10,0.032968
-69.0,10,0.033304
-6.0,10,0.033885
-60.0,10,0.034237
-102.0,10,0.034601
-171.0,10,0.034932
-258.0,10,0.035499
-27.0,10,0.035819
-83.0,10,0.036162
-23.0,10,0.036486
-256.0,10,0.037088
-122.0,10,0.037405
-49.0,10,0.037764
-136.0,10,0.038109
-21.0,10,0.038671
-9.0,10,0.038999
-98.0,10,0.039354
-12.0,10,0.039689
-215.0,10,0.040294
3.0,10,0.040619
1.0,10,0.040963
42.0,10,0.041292
19.0,10,0.043371
-119.0,10,0.044939
-226.0,10,0.047094
-139.0,10,0.048767
-142.0,10,0.051287
-168.0,10,0.052913
-14.0,10,0.054919
-41.0,10,0.056508
-77.0,10,0.058905
-114.0,10,0.060399
-71.0,10,0.062353
-35.0,10,0.063859
-239.0,10,0.066204
-166.0,10,0.06766
-130.0,10,0.069727
-126.0,10,0.071262
19.0,10,0.073789
-146.0,10,0.07524
-89.0,10,0.077218
-19.0,10,0.078844
-148.0,10,0.081104
-6.0,10,0.082598
-17.0,10,0.084691
-147.0,10,0.08622
-16.0,10,0.088752
-99.0,10,0.090423
-104.0,10,0.092486
-80.0,10,0.094203
21.0,10,0.096513
-86.0,10,0.098011
-106.0,10,0.100046
-152.0,10,0.101646
-89.0,10,0.103975
-16.0,10,0.105363
-87.0,10,0.10735
-15.0,10,0.109014
-184.0,10,0.111315
24.0,10,0.112834
-110.0,10,0.114964
-25.0,10,0.116452
-119.0,10,0.118887
-5.0,10,0.120371
-99.0,10,0.122355
-84.0,10,0.124103
-61.0,10,0.126613
-86.0,10,0.1282
-107.0,10,0.130187
-253.0,10,0.131743
-112.0,10,0.134181
6.0,10,0.135792
-109.0,10,0.138036
-117.0,10,0.139652
-93.0,10,0.14223
-182.0,10,0.143807
-60.0,10,0.145839
-87.0,10,0.147387
-28.0,10,0.149769
-127.0,10,0.151267
-61.0,10,0.153382
-52.0,10,0.154977
-127.0,10,0.157309
-245.0,10,0.158825
21.0,10,0.161002
-69.0,10,0.162436
-53.0,10,0.164892
-70.0,10,0.166379
-2.0,10,0.16838
-78.0,10,0.169988
-99.0,10,0.172332
-17.0,10,0.174039
-83.0,10,0.176213
-12.0,10,0.177814
-95.0,10,0.18026
-30.0,10,0.181937
-107.0,10,0.183969
-169.0,10,0.185433
9.0,10,0.18792
-34.0,10,0.189618
-59.0,10,0.191715
10.0,10,0.193226
-27.0,10,0.195539
-213.0,10,0.196905
-60.0,10,0.198984
-119.0,10,0.200582
-20.0,10,0.20304
-143.0,10,0.204591
-156.0,10,0.206666
-59.0,10,0.208098
-199.0,10,0.210585
-156.0,10,0.212124
-37.0,10,0.214088
-107.0,10,0.215515
-77.0,10,0.217978
-93.0,10,0.219586
-140.0,10,0.221685
1.0,10,0.223247
-131.0,10,0.225805
-53.0,10,0.22748
-67.0,10,0.229515
-107.0,10,0.231138
-24.0,10,0.233726
-188.0,10,0.235328
-133.0,10,0.237313
-146.0,10,0.238806
12.0,10,0.241378
-92.0,10,0.242886
-85.0,10,0.245022
-172.0,10,0.246596
-110.0,10,0.249062
-47.0,10,0.250733
-144.0,10,0.252908
-154.0,10,0.254592
-86.0,10,0.256931
-206.0,10,0.258518
-66.0,10,0.260766
-110.0,10,0.262479
-1.0,10,0.265049
-120.0,10,0.266728
-112.0,10,0.268699
-159.0,10,0.27018
56.0,10,0.272821
-16.0,10,0.27444
17.0,10,0.276648
-99.0,10,0.278252
-88.0,10,0.280687
-164.0,10,0.282203
-131.0,10,0.284323
-73.0,10,0.285902
-108.0,10,0.288539
-96.0,10,0.290143
24.0,10,0.292158
-89.0,10,0.29376
40.0,10,0.296326
-149.0,10,0.297841
-77.0,10,0.299998
-57.0,10,0.301635
-156.0,10,0.303914
-64.0,10,0.305458
-116.0,10,0.307628
-56.0,10,0.30928
-180.0,10,0.311759
51.0,10,0.313465
-25.0,10,0.315622
12.0,10,0.317257
-72.0,10,0.319865
-17.0,10,0.321458
26.0,10,0.323545
-116.0,10,0.325269
-47.0,10,0.327675
23.0,10,0.329472
-56.0,10,0.331777
-98.0,10,0.333337
-14.0,10,0.335714
-55.0,10,0.337293
-127.0,10,0.339413
-84.0,10,0.341096
-124.0,10,0.343626
-78.0,10,0.345244
-198.0,10,0.347273
-173.0,10,0.349001
-52.0,10,0.351502
-98.0,10,0.353037
49.0,10,0.355279
-127.0,10,0.356961
-2.0,10,0.359529
93.0,10,0.361353
-39.0,10,0.3634
-149.0,10,0.364914
2.0,10,0.367534
-54.0,10,0.369276
-114.0,10,0.371466
-86.0,10,0.372969
61.0,10,0.375472
-14.0,10,0.377209
6.0,10,0.379409
-7.0,10,0.381095
-141.0,10,0.383545
-19.0,10,0.385202
-161.0,10,0.387232
-35.0,10,0.388897
-83.0,10,0.391494
-58.0,10,0.393167
-112.0,10,0.395365
-64.0,10,0.397105
-77.0,10,0.399578
-66.0,10,0.401247
-48.0,10,0.403382
-57.0,10,0.405014
40.0,10,0.407459
-49.0,10,0.409072
-72.0,10,0.411221
-19.0,10,0.412864
-46.0,10,0.415363
-7.0,10,0.416952
-67.0,10,0.419148
-49.0,10,0.420813
-47.0,10,0.423289
-38.0,10,0.425072
-13.0,10,0.427262
-16.0,10,0.428892
-30.0,10,0.431568
-137.0,10,0.433135
-82.0,10,0.435436
-54.0,10,0.437244
-117.0,10,0.439728
-14.0,10,0.441493
-76.0,10,0.443663
-42.0,10,0.445254
16.0,10,0.447979
-81.0,10,0.449624
-126.0,10,0.451705
-26.0,10,0.453273
-77.0,10,0.455762
-107.0,10,0.457459
-33.0,10,0.459643
-56.0,10,0.461364
23.0,10,0.463974
-79.0,10,0.46569
-169.0,10,0.467836
-129.0,10,0.469573
-117.0,10,0.472193
-79.0,10,0.473824
-23.0,10,0.476163
-49.0,10,0.477836
-32.0,10,0.480341
-51.0,10,0.481978
-39.0,10,0.484218
-85.0,10,0.485926
-31.0,10,0.488452
-153.0,10,0.490185
-21.0,10,0.492419
-7.0,10,0.494094
10.0,10,0.49664
-77.0,10,0.498151
0.0,10,0.500465
-80.0,10,0.502214
-43.0,10,0.504804
-51.0,10,0.506559
-14.0,10,0.508926
-39.0,10,0.510771
5.0,10,0.513428
-23.0,10,0.515255
-23.0,10,0.517459
-67.0,10,0.519111
-88.0,10,0.521609
-90.0,10,0.52338
-20.0,10,0.525486
-42.0,10,0.527206
-2.0,10,0.529822
-32.0,10,0.531608
-86.0,10,0.533812
-21.0,10,0.535544
-72.0,10,0.538004
-63.0,10,0.539751
31.0,10,0.541993
-42.0,10,0.543832
-30.0,10,0.546407
-49.0,10,0.548148
-89.0,10,0.550462
-56.0,10,0.552267
-77.0,10,0.554868
-7.0,10,0.55654
-34.0,10,0.558719
-72.0,10,0.560408
-112.0,10,0.562991
-109.0,10,0.564654
-131.0,10,0.566825
-72.0,10,0.568587
-66.0,10,0.571146
-97.0,10,0.572997
-4.0,10,0.575296
-21.0,10,0.576968
-72.0,10,0.579455
-77.0,10,0.581191
-5.0,10,0.583539
10.0,10,0.585236
-34.0,10,0.587845
40.0,10,0.589565
91.0,10,0.59185
-7.0,10,0.593721
-16.0,10,0.596306
-16.0,10,0.598109
-49.0,10,0.600333
-24.0,10,0.602099
-57.0,10,0.604737
21.0,10,0.606442
22.0,10,0.608677
-77.0,10,0.610448
-108.0,10,0.613082
-159.0,10,0.614751
-30.0,10,0.617014
1.0,10,0.618693
58.0,10,0.621268
-21.0,10,0.623106
23.0,10,0.625273
37.0,10,0.627008
-9.0,10,0.629722
-70.0,10,0.631501
21.0,10,0.633738
-37.0,10,0.635411
-28.0,10,0.638055
-54.0,10,0.639886
-22.0,10,0.642091
-85.0,10,0.643688
-19.0,10,0.646263
-86.0,10,0.648074
-14.0,10,0.65034
-93.0,10,0.652105
-37.0,10,0.654787
-70.0,10,0.656501
33.0,10,0.658769
-2.0,10,0.660551
-71.0,10,0.663204
-2.0,10,0.664856
-49.0,10,0.667108
-3.0,10,0.668891
-47.0,10,0.671487
-46.0,10,0.673263
-90.0,10,0.675466
-2.0,10,0.677306
49.0,10,0.679948
34.0,10,0.68173
23.0,10,0.68403
-128.0,10,0.685701
-95.0,10,0.688462
84.0,10,0.690336
69.0,10,0.692597
11.0,10,0.694375
-52.0,10,0.696889
-34.0,10,0.698739
-101.0,10,0.700813
-16.0,10,0.702545
21.0,10,0.705173
-41.0,10,0.706817
12.0,10,0.709036
-16.0,10,0.710781
-18.0,10,0.713412
44.0,10,0.715228
28.0,10,0.717392
25.0,10,0.719103
-8.0,10,0.721778
34.0,10,0.723522
58.0,10,0.725773
-147.0,10,0.727496
96.0,10,0.730118
61.0,10,0.731996
31.0,10,0.734254
16.0,10,0.736063
-26.0,10,0.738683
5.0,10,0.740517
-25.0,10,0.742926
-56.0,10,0.744721
5.0,10,0.74738
-78.0,10,0.749079
-45.0,10,0.751368
10.0,10,0.753204
-77.0,10,0.755934
-70.0,10,0.757698
-37.0,10,0.759978
-144.0,10,0.76175
44.0,10,0.764452
22.0,10,0.766289
-13.0,10,0.768661
-55.0,10,0.770492
-30.0,10,0.773147
-25.0,10,0.774959
-23.0,10,0.777331
15.0,10,0.77916
44.0,10,0.781902
-2.0,10,0.78374
-37.0,10,0.78602
21.0,10,0.787872
-29.0,10,0.790518
12.0,10,0.792399
-56.0,10,0.794689
63.0,10,0.796583
63.0,10,0.799324
-82.0,10,0.801212
-18.0,10,0.80358
-1.0,10,0.805402
5.0,10,0.808005
-10.0,10,0.809754
0.0,10,0.812067
7.0,10,0.813955
-18.0,10,0.816491
-88.0,10,0.818334
-7.0,10,0.820637
16.0,10,0.822497
-47.0,10,0.825182
56.0,10,0.827046
-7.0,10,0.829363
-11.0,10,0.831215
-7.0,10,0.833788
23.0,10,0.83567
-50.0,10,0.838016
38.0,10,0.839885
28.0,10,0.842658
103.0,10,0.844573
40.0,10,0.847007
-23.0,10,0.848867
-16.0,10,0.851574
10.0,10,0.853436
103.0,10,0.855815
-44.0,10,0.857642
-47.0,10,0.860438
14.0,10,0.862228
5.0,10,0.864604
-30.0,10,0.866463
-37.0,10,0.869107
47.0,10,0.87092
17.0,10,0.873309
5.0,10,0.875075
-48.0,10,0.877803
56.0,10,0.879645
10.0,10,0.881967
17.0,10,0.883839
-53.0,10,0.886531
-70.0,10,0.888405
74.0,10,0.890743
-20.0,10,0.892576
-31.0,10,0.895247
-23.0,10,0.897098
-25.0,10,0.899494
37.0,10,0.901384
-60.0,10,0.904068
-20.0,10,0.905969
119.0,10,0.908361
-15.0,10,0.910146
-21.0,10,0.912893
28.0,10,0.914769
-40.0,10,0.917089
-65.0,10,0.918988
-65.0,10,0.921719
-40.0,10,0.923548
-25.0,10,0.925909
18.0,10,0.92771
-2.0,10,0.930459
9.0,10,0.932335
68.0,10,0.934695
119.0,10,0.936505
84.0,10,0.939208
49.0,10,0.941027
91.0,10,0.943377
61.0,10,0.945192
68.0,10,0.947845
28.0,10,0.949704
-44.0,10,0.952096
34.0,10,0.953939
12.0,10,0.956708
-18.0,10,0.958593
37.0,10,0.961007
79.0,10,0.96287
40.0,10,0.965585
91.0,10,0.967462
-161.0,10,0.969724
12.0,10,0.971619
51.0,10,0.974273
79.0,10,0.976192
61.0,10,0.978586
-32.0,10,0.980449
63.0,10,0.983128
-16.0,10,0.984935
28.0,10,0.987245
-5.0,10,0.989095
26.0,10,0.991793
-13.0,10,0.993575
-21.0,10,0.99588
-48.0,10,0.997709
-26.0,10,1.000472
-42.0,10,1.00231
15.0,10,1.004696
-25.0,10,1.00656
-20.0,10,1.009294
21.0,10,1.011127
84.0,10,1.013434
-11.0,10,1.015296
12.0,10,1.018064
91.0,10,1.019963
-38.0,10,1.022342
45.0,10,1.024192
38.0,10,1.026932
28.0,10,1.028804
12.0,10,1.03119
-70.0,10,1.033081
47.0,10,1.035783
85.0,10,1.037636
56.0,10,1.040006
-88.0,10,1.041893
-2.0,10,1.044575
96.0,10,1.046438
-7.0,10,1.04877
-16.0,10,1.050657
-2.0,10,1.053407
24.0,10,1.055291
45.0,10,1.057704
56.0,10,1.059626
18.0,10,1.062339
-39.0,10,1.064176
64.0,10,1.066546
-5.0,10,1.068359
79.0,10,1.071161
56.0,10,1.073046
33.0,10,1.075412
10.0,10,1.077274
3.0,10,1.079992
-28.0,10,1.081808
84.0,10,1.084191
33.0,10,1.086088
63.0,10,1.088811
21.0,10,1.090682
86.0,10,1.093089
52.0,10,1.094862
-42.0,10,1.097647
79.0,10,1.099538
5.0,10,1.101895
45.0,10,1.103707
0.0,10,1.106447
38.0,10,1.108319
33.0,10,1.110635
9.0,10,1.112464
38.0,10,1.115173
22.0,10,1.116989
38.0,10,1.119292
57.0,10,1.121115
-46.0,10,1.123824
-13.0,10,1.125698
28.0,10,1.128068
33.0,10,1.129921
9.0,10,1.132615
56.0,10,1.13448
-5.0,10,1.136799
50.0,10,1.138677
40.0,10,1.141356
67.0,10,1.143157
21.0,10,1.145588
50.0,10,1.147404
-47.0,10,1.150148
-19.0,10,1.152026
40.0,10,1.154364
61.0,10,1.156221
56.0,10,1.158961
62.0,10,1.160768
-11.0,10,1.163074
33.0,10,1.164849
57.0,10,1.167549
114.0,10,1.169446
84.0,10,1.171838
132.0,10,1.173716
45.0,10,1.176432
-32.0,10,1.178197
0.0,10,1.180561
-2.0,10,1.182362
45.0,10,1.185048
40.0,10,1.18691
45.0,10,1.189238
73.0,10,1.191135
15.0,10,1.193903
3.0,10,1.195775
16.0,10,1.198168
5.0,10,1.200033
61.0,10,1.202744
12.0,10,1.204567
-30.0,10,1.206873
-2.0,10,1.208739
-21.0,10,1.21144
16.0,10,1.213344
-14.0,10,1.215681
85.0,10,1.217517
7.0,10,1.220212
-64.0,10,1.222065
-96.0,10,1.224431
3.0,10,1.226288
45.0,10,1.228962
14.0,10,1.230773
80.0,10,1.233131
50.0,10,1.234968
47.0,10,1.237591
-13.0,10,1.239361
44.0,10,1.241664
-2.0,10,1.243527
-72.0,10,1.246118
-23.0,10,1.24798
0.0,10,1.250334
-92.0,10,1.252108
6.0,10,1.254787
32.0,10,1.256583
98.0,10,1.258927
68.0,10,1.260727
19.0,10,1.26339
38.0,10,1.265249
-28.0,10,1.267619
142.0,10,1.26948
56.0,10,1.272183
-77.0,10,1.274012
96.0,10,1.276351
22.0,10,1.278201
58.0,10,1.280885
14.0,10,1.282646
35.0,10,1.284989
-23.0,10,1.286781
126.0,10,1.289562
-9.0,10,1.291379
-26.0,10,1.293759
68.0,10,1.29561
-7.0,10,1.298262
68.0,10,1.300119
28.0,10,1.302457
58.0,10,1.304336
7.0,10,1.306983
-32.0,10,1.308866
40.0,10,1.311233
-54.0,10,1.313098
53.0,10,1.315806
46.0,10,1.317605
28.0,10,1.319959
-18.0,10,1.321829
75.0,10,1.324504
40.0,10,1.326392
61.0,10,1.32875
57.0,10,1.330607
56.0,10,1.333282
17.0,10,1.335062
119.0,10,1.337409
45.0,10,1.339245
40.0,10,1.341944
-8.0,10,1.343842
142.0,10,1.346194
84.0,10,1.347947
60.0,10,1.35067
8.0,10,1.352504
96.0,10,1.354859
52.0,10,1.35672
142.0,10,1.359432
63.0,10,1.36131
126.0,10,1.363666
-2.0,10,1.365512
16.0,10,1.368226
35.0,10,1.370101
10.0,10,1.372431
-24.0,10,1.374261
0.0,10,1.376987
5.0,10,1.378872
56.0,10,1.381244
-42.0,10,1.383028
18.0,10,1.385786
44.0,10,1.387605
27.0,10,1.389965
114.0,10,1.391858
-6.0,10,1.394611
-30.0,10,1.396475
28.0,10,1.398904
8.0,10,1.400749
38.0,10,1.403432
91.0,10,1.405323
-54.0,10,1.407673
50.0,10,1.409483
33.0,10,1.412198
35.0,10,1.414005
10.0,10,1.41636
126.0,10,1.418247
24.0,10,1.420991
-51.0,10,1.422855
79.0,10,1.425226
45.0,10,1.42703
80.0,10,1.429723
29.0,10,1.431631
-6.0,10,1.434003
3.0,10,1.435822
-4.0,10,1.438487
63.0,10,1.440357
68.0,10,1.442756
32.0,10,1.444614
-25.0,10,1.448289
20.0,10,1.451415
21.0,10,1.454557
-52.0,10,1.457025
-13.0,10,1.46209
17.0,10,1.465475
3.0,10,1.468792
31.0,10,1.470654
0.0,10,1.473183
33.0,10,1.474833
45.0,10,1.477189
-22.0,10,1.479014
108.0,10,1.481719
-11.0,10,1.483534
20.0,10,1.485858
59.0,10,1.487693
23.0,10,1.490401
79.0,10,1.492172
45.0,10,1.495911
121.0,10,1.514376
61.0,10,1.524639
73.0,10,1.529873
68.0,10,1.53387
78.0,10,1.53579
5.0,10,1.5388
45.0,10,1.540706
57.0,10,1.543219
27.0,10,1.545108
-41.0,10,1.547955
65.0,10,1.549836
45.0,10,1.552205
154.0,10,1.55412
85.0,10,1.557096
-13.0,10,1.558909
177.0,10,1.56138
75.0,10,1.563245
96.0,10,1.566101
22.0,10,1.5679
-13.0,10,1.570271
-4.0,10,1.572123
21.0,10,1.574888
96.0,10,1.576769
17.0,10,1.579161
96.0,10,1.58101
56.0,10,1.583878
66.0,10,1.585782
0.0,10,1.588175
73.0,10,1.590041
-52.0,10,1.592818
-5.0,10,1.594727
0.0,10,1.597105
75.0,10,1.598956
-25.0,10,1.601793
-22.0,10,1.603546
108.0,10,1.605937
56.0,10,1.607779
45.0,10,1.610627
5.0,10,1.612673
49.0,10,1.61505
78.0,10,1.616872
43.0,10,1.619669
34.0,10,1.62153
85.0,10,1.623915
68.0,10,1.625799
7.0,10,1.628544
30.0,10,1.630436
26.0,10,1.632803
137.0,10,1.634706
91.0,10,1.637475
16.0,10,1.639352
86.0,10,1.641702
28.0,10,1.643618
-32.0,10,1.64633
63.0,10,1.648237
-83.0,10,1.650549
61.0,10,1.652593
63.0,10,1.65555
11.0,10,1.657466
-56.0,10,1.659948
50.0,10,1.661922
63.0,10,1.66478
80.0,10,1.666649
121.0,10,1.669021
66.0,10,1.670857
47.0,10,1.673736
58.0,10,1.675578
5.0,10,1.677983
68.0,10,1.679845
61.0,10,1.682617
68.0,10,1.684434
10.0,10,1.686752
50.0,10,1.688489
29.0,10,1.691125
-9.0,10,1.692898
73.0,10,1.695257
38.0,10,1.697123
7.0,10,1.699979
142.0,10,1.701846
9.0,10,1.704127
149.0,10,1.706001
73.0,10,1.708803
40.0,10,1.710639
-34.0,10,1.712907
38.0,10,1.714671
61.0,10,1.717413
40.0,10,1.719252
-42.0,10,1.721492
114.0,10,1.72337
108.0,10,1.726053
121.0,10,1.727933
22.0,10,1.730383
68.0,10,1.732204
22.0,10,1.735066
-88.0,10,1.736896
107.0,10,1.739183
17.0,10,1.741034
91.0,10,1.743735
-23.0,10,1.745592
-6.0,10,1.747946
23.0,10,1.749735
126.0,10,1.752465
23.0,10,1.754204
91.0,10,1.756508
45.0,10,1.758377
103.0,10,1.761128
53.0,10,1.763009
73.0,10,1.76537
78.0,10,1.767198
-35.0,10,1.769946
22.0,10,1.771764
-35.0,10,1.774061
86.0,10,1.77592
34.0,10,1.778704
-8.0,10,1.780521
63.0,10,1.782871
71.0,10,1.784672
-23.0,10,1.78732
61.0,10,1.789116
57.0,10,1.791472
-11.0,10,1.79326
33.0,10,1.795916
17.0,10,1.797824
-21.0,10,1.800233
-6.0,10,1.802097
40.0,10,1.804817
-7.0,10,1.806564
-35.0,10,1.808871
-12.0,10,1.810704
31.0,10,1.813457
-17.0,10,1.81525
33.0,10,1.817652
73.0,10,1.819455
-7.0,10,1.82217
40.0,10,1.823941
27.0,10,1.826237
-35.0,10,1.827974
24.0,10,1.830713
75.0,10,1.832576
57.0,10,1.834868
126.0,10,1.836713
73.0,10,1.839606
-13.0,10,1.841444
76.0,10,1.843878
34.0,10,1.845712
103.0,10,1.848521
80.0,10,1.850394
26.0,10,1.852658
177.0,10,1.85449
126.0,10,1.857242
172.0,10,1.859006
85.0,10,1.861391
98.0,10,1.863303
2.0,10,1.865999
49.0,10,1.867893
15.0,10,1.870241
80.0,10,1.8721
98.0,10,1.874826
-27.0,10,1.876672
26.0,10,1.87908
75.0,10,1.880954
75.0,10,1.883704
51.0,10,1.885442
177.0,10,1.887786
2.0,10,1.889608
75.0,10,1.892294
70.0,10,1.894132
51.0,10,1.896449
86.0,10,1.898288
103.0,10,1.900955
18.0,10,1.902735
91.0,10,1.905047
6.0,10,1.90677
47.0,10,1.909491
-40.0,10,1.911303
74.0,10,1.913612
19.0,10,1.915449
94.0,10,1.91816
28.0,10,1.920005
21.0,10,1.922314
93.0,10,1.924102
15.0,10,1.926795
114.0,10,1.928625
91.0,10,1.930974
96.0,10,1.932758
117.0,10,1.935496
46.0,10,1.937245
38.0,10,1.939578
48.0,10,1.941414
74.0,10,1.944147
26.0,10,1.945946
60.0,10,1.948188
121.0,10,1.949986
96.0,10,1.95265
9.0,10,1.954533
34.0,10,1.9569
121.0,10,1.958786
-19.0,10,1.961389
89.0,10,1.96317
86.0,10,1.965412
108.0,10,1.967256
46.0,10,1.970013
24.0,10,1.971871
-70.0,10,1.974171
28.0,10,1.976035
56.0,10,1.978637
154.0,10,1.98045
43.0,10,1.982768
101.0,10,1.984596
73.0,10,1.987282
19.0,10,1.98912
18.0,10,1.991405
75.0,10,1.99323
82.0,10,1.99587
107.0,10,1.997685
49.0,10,1.999935
40.0,10,2.00175
58.0,10,2.00446
103.0,10,2.006306
172.0,10,2.008658
85.0,10,2.010487
30.0,10,2.013151
43.0,10,2.014989
-32.0,10,2.017317
38.0,10,2.019098
20.0,10,2.021803
61.0,10,2.023681
137.0,10,2.026028
91.0,10,2.027805
96.0,10,2.030537
119.0,10,2.032388
49.0,10,2.034753
82.0,10,2.036594
42.0,10,2.039339
89.0,10,2.041179
75.0,10,2.043491
8.0,10,2.045366
36.0,10,2.048043
96.0,10,2.049864
15.0,10,2.052129
45.0,10,2.054008
149.0,10,2.056717
44.0,10,2.058574
-3.0,10,2.060875
109.0,10,2.062625
94.0,10,2.06535
33.0,10,2.067223
50.0,10,2.069575
119.0,10,2.071404
104.0,10,2.074043
21.0,10,2.075922
71.0,10,2.078278
59.0,10,2.080084
18.0,10,2.082858
-37.0,10,2.084613
149.0,10,2.086922
142.0,10,2.088744
44.0,10,2.091343
21.0,10,2.093169
15.0,10,2.095479
84.0,10,2.09737
149.0,10,2.100059
66.0,10,2.101828
35.0,10,2.104157
142.0,10,2.105997
-7.0,10,2.108511
42.0,10,2.110365
43.0,10,2.112705
84.0,10,2.114542
45.0,10,2.117379
104.0,10,2.11922
40.0,10,2.121577
154.0,10,2.123419
96.0,10,2.126139
24.0,10,2.127972
-22.0,10,2.130333
71.0,10,2.132124
56.0,10,2.134784
34.0,10,2.136611
132.0,10,2.138965
33.0,10,2.140805
112.0,10,2.143625
-14.0,10,2.145406
137.0,10,2.147774
170.0,10,2.149607
102.0,10,2.15224
89.0,10,2.154025
33.0,10,2.156306
-2.0,10,2.158119
149.0,10,2.160815
34.0,10,2.162695
144.0,10,2.165037
61.0,10,2.166886
79.0,10,2.169497
50.0,10,2.171334
-5.0,10,2.173667
96.0,10,2.175525
-17.0,10,2.17814
65.0,10,2.179984
80.0,10,2.18235
59.0,10,2.184136
200.0,10,2.186825
36.0,10,2.188592
84.0,10,2.190932
140.0,10,2.192784
105.0,10,2.195462
-8.0,10,2.197347
33.0,10,2.199659
56.0,10,2.201494
-9.0,10,2.204228
22.0,10,2.206101
147.0,10,2.208396
121.0,10,2.210218
20.0,10,2.212773
61.0,10,2.214641
5.0,10,2.216965
107.0,10,2.218802
51.0,10,2.221556
98.0,10,2.223403
-30.0,10,2.225756
66.0,10,2.227578
19.0,10,2.230268
28.0,10,2.232099
-16.0,10,2.234372
124.0,10,2.236201
89.0,10,2.238896
0.0,10,2.240679
142.0,10,2.243038
24.0,10,2.244892
119.0,10,2.247601
87.0,10,2.249425
103.0,10,2.251791
98.0,10,2.253539
10.0,10,2.256305
97.0,10,2.258152
117.0,10,2.26047
72.0,10,2.262238
-36.0,10,2.264938
119.0,10,2.266829
89.0,10,2.269156
68.0,10,2.271003
84.0,10,2.273647
112.0,10,2.275456
28.0,10,2.277771
-12.0,10,2.279529
23.0,10,2.282231
63.0,10,2.284049
33.0,10,2.286394
24.0,10,2.288243
78.0,10,2.290962
67.0,10,2.292779
89.0,10,2.295118
84.0,10,2.296955
31.0,10,2.299635
47.0,10,2.301499
34.0,10,2.303836
44.0,10,2.305601
73.0,10,2.308305
16.0,10,2.310126
84.0,10,2.312523
16.0,10,2.314378
96.0,10,2.317097
39.0,10,2.318909
80.0,10,2.321239
73.0,10,2.323042
50.0,10,2.325725
45.0,10,2.327549
79.0,10,2.329912
112.0,10,2.331725
96.0,10,2.334409
54.0,10,2.336252
21.0,10,2.338562
-56.0,10,2.340354
16.0,10,2.342994
61.0,10,2.34484
112.0,10,2.347164
53.0,10,2.349021
131.0,10,2.351712
142.0,10,2.353577
130.0,10,2.355928
74.0,10,2.357762
88.0,10,2.360476
19.0,10,2.362327
114.0,10,2.364611
65.0,10,2.366468
52.0,10,2.369177
96.0,10,2.370998
51.0,10,2.373382
54.0,10,2.375212
38.0,10,2.377904
103.0,10,2.379752
117.0,10,2.382071
31.0,10,2.383901
74.0,10,2.386577
98.0,10,2.388446
-7.0,10,2.39076
112.0,10,2.392584
142.0,10,2.395231
112.0,10,2.397097
117.0,10,2.399403
94.0,10,2.401236
89.0,10,2.403897
49.0,10,2.405772
-32.0,10,2.408041
33.0,10,2.409884
67.0,10,2.412636
-26.0,10,2.414387
-5.0,10,2.416646
11.0,10,2.418513
10.0,10,2.421249
-6.0,10,2.423125
72.0,10,2.425441
96.0,10,2.427307
112.0,10,2.430008
132.0,10,2.43184
144.0,10,2.434134
9.0,10,2.435921
54.0,10,2.438604
99.0,10,2.440421
-37.0,10,2.442732
70.0,10,2.444586
124.0,10,2.44728
126.0,10,2.44911
57.0,10,2.451445
68.0,10,2.453277
72.0,10,2.455932
-62.0,10,2.457752
109.0,10,2.460106
14.0,10,2.461879
170.0,10,2.464601
61.0,10,2.466428
24.0,10,2.468798
59.0,10,2.470631
84.0,10,2.473367
14.0,10,2.475217
119.0,10,2.47749
110.0,10,2.479323
91.0,10,2.482077
81.0,10,2.483898
112.0,10,2.486225
50.0,10,2.48802
37.0,10,2.490687
84.0,10,2.492563
-4.0,10,2.494897
31.0,10,2.496714
-14.0,10,2.499392
70.0,10,2.501188
46.0,10,2.503532
24.0,10,2.50532
28.0,10,2.507996
65.0,10,2.50987
33.0,10,2.512238
1.0,10,2.514073
47.0,10,2.516769
66.0,10,2.518552
-12.0,10,2.520854
126.0,10,2.522701
112.0,10,2.525331
81.0,10,2.527245
59.0,10,2.529648
52.0,10,2.531476
-12.0,10,2.53418
-136.0,10,2.536003
2.0,10,2.538287
91.0,10,2.54003
124.0,10,2.542726
29.0,10,2.544548
64.0,10,2.5469
96.0,10,2.548676
149.0,10,2.551402
14.0,10,2.553278
119.0,10,2.555676
103.0,10,2.55746
49.0,10,2.560121
117.0,10,2.561961
38.0,10,2.564292
-12.0,10,2.566145
71.0,10,2.568788
172.0,10,2.570637
96.0,10,2.572964
16.0,10,2.574814
28.0,10,2.577534
124.0,10,2.579343
51.0,10,2.581677
-72.0,10,2.583464
71.0,10,2.586192
38.0,10,2.588013
-59.0,10,2.590333
79.0,10,2.592183
172.0,10,2.59487
42.0,10,2.596689
-14.0,10,2.599052
34.0,10,2.600883
-27.0,10,2.603456
149.0,10,2.605305
9.0,10,2.607596
112.0,10,2.60941
94.0,10,2.612016
35.0,10,2.613811
107.0,10,2.616157
29.0,10,2.618011
48.0,10,2.620658
39.0,10,2.622488
59.0,10,2.624763
31.0,10,2.626606
72.0,10,2.629334
55.0,10,2.631209
-19.0,10,2.633492
50.0,10,2.635329
22.0,10,2.638009
94.0,10,2.639834
54.0,10,2.642137
36.0,10,2.643976
31.0,10,2.646631
87.0,10,2.648476
46.0,10,2.650811
11.0,10,2.652597
77.0,10,2.655328
40.0,10,2.65711
61.0,10,2.659405
33.0,10,2.661188
27.0,10,2.663905
-56.0,10,2.665797
-30.0,10,2.66812
119.0,10,2.669958
-7.0,10,2.67266
-9.0,10,2.674395
-2.0,10,2.676592
44.0,10,2.678388
142.0,10,2.681063
127.0,10,2.682914
4.0,10,2.685295
77.0,10,2.687089
56.0,10,2.6898
-41.0,10,2.691663
124.0,10,2.694032
100.0,10,2.695784
40.0,10,2.698524
96.0,10,2.700399
61.0,10,2.702695
38.0,10,2.704566
9.0,10,2.70727
77.0,10,2.70907
54.0,10,2.711423
107.0,10,2.713217
57.0,10,2.715962
45.0,10,2.717813
-53.0,10,2.720077
74.0,10,2.721905
149.0,10,2.724568
119.0,10,2.726414
40.0,10,2.728727
117.0,10,2.730565
102.0,10,2.73323
-32.0,10,2.735026
96.0,10,2.737346
15.0,10,2.739171
54.0,10,2.741922
66.0,10,2.743755
27.0,10,2.74613
59.0,10,2.747949
13.0,10,2.750693
-11.0,10,2.752502
72.0,10,2.754797
110.0,10,2.7566
6.0,10,2.759311
100.0,10,2.761101
61.0,10,2.763363
23.0,10,2.765223
71.0,10,2.767938
124.0,10,2.769719
-1.0,10,2.772081
-5.0,10,2.773873
91.0,10,2.776506
49.0,10,2.778307
79.0,10,2.780629
-6.0,10,2.782441
147.0,10,2.785154
62.0,10,2.787028
61.0,10,2.789371
22.0,10,2.791211
75.0,10,2.793887
48.0,10,2.795673
21.0,10,2.79795
86.0,10,2.799776
66.0,10,2.802513
34.0,10,2.804368
74.0,10,2.806732
119.0,10,2.808559
45.0,10,2.811232
16.0,10,2.813097
72.0,10,2.815444
82.0,10,2.817272
97.0,10,2.820008
66.0,10,2.821834
-48.0,10,2.824084
119.0,10,2.825923
104.0,10,2.828639
24.0,10,2.830425
24.0,10,2.832701
35.0,10,2.834507
142.0,10,2.837122
-1.0,10,2.83893
89.0,10,2.841433
44.0,10,2.84329
33.0,10,2.846072
-31.0,10,2.847896
101.0,10,2.850139
49.0,10,2.851943
-13.0,10,2.854688
-39.0,10,2.856567
38.0,10,2.858897
58.0,10,2.86068
73.0,10,2.863363
94.0,10,2.865198
43.0,10,2.867537
82.0,10,2.869375
46.0,10,2.872111
64.0,10,2.873985
114.0,10,2.87628
37.0,10,2.878124
59.0,10,2.880864
78.0,10,2.882665
-14.0,10,2.884995
38.0,10,2.886816
84.0,10,2.889556
124.0,10,2.891449
149.0,10,2.893809
1.0,10,2.895653
36.0,10,2.8984
125.0,10,2.90019
29.0,10,2.90249
121.0,10,2.904351
33.0,10,2.907074
-2.0,10,2.908867
89.0,10,2.911153
-89.0,10,2.912857
124.0,10,2.91556
42.0,10,2.917356
18.0,10,2.919734
49.0,10,2.921575
84.0,10,2.924212
140.0,10,2.926064
66.0,10,2.928349
69.0,10,2.930202
-28.0,10,2.932865
114.0,10,2.93466
110.0,10,2.936939
-8.0,10,2.93877
172.0,10,2.941502
82.0,10,2.943362
57.0,10,2.945676
121.0,10,2.947517
18.0,10,2.950193
-16.0,10,2.952065
36.0,10,2.954379
140.0,10,2.956228
117.0,10,2.958971
94.0,10,2.960789
66.0,10,2.963184
119.0,10,2.965013
117.0,10,2.967699
127.0,10,2.969511
41.0,10,2.971837
170.0,10,2.973673
72.0,10,2.976369
79.0,10,2.978173
50.0,10,2.980531
8.0,10,2.982284
63.0,10,2.984985
-4.0,10,2.986777
97.0,10,2.98911
66.0,10,2.990932
10.0,10,2.993578
112.0,10,2.995435
154.0,10,2.997784
91.0,10,2.999603
66.0,10,3.002199
51.0,10,3.004009
68.0,10,3.006335
40.0,10,3.008145
98.0,10,3.010761
119.0,10,3.012625
56.0,10,3.014942
26.0,10,3.01676
140.0,10,3.019413
142.0,10,3.021262
36.0,10,3.023609
117.0,10,3.025474
59.0,10,3.028223
124.0,10,3.030088
71.0,10,3.032442
19.0,10,3.034304
34.0,10,3.037011
29.0,10,3.038866
79.0,10,3.041241
18.0,10,3.043134
91.0,10,3.04576
77.0,10,3.047596
91.0,10,3.049947
52.0,10,3.051753
91.0,10,3.054467
66.0,10,3.056282
82.0,10,3.058612
68.0,10,3.060446
117.0,10,3.06316
149.0,10,3.065032
84.0,10,3.067358
82.0,10,3.069183
13.0,10,3.071957
89.0,10,3.073775
124.0,10,3.07614
3.0,10,3.077962
-7.0,10,3.080659
2.0,10,3.082453
96.0,10,3.084831
38.0,10,3.08668
21.0,10,3.089437
89.0,10,3.091277
14.0,10,3.093614
62.0,10,3.095352
89.0,10,3.098085
119.0,10,3.099964
73.0,10,3.102293
74.0,10,3.104115
73.0,10,3.106754
66.0,10,3.108562
78.0,10,3.110914
72.0,10,3.112735
50.0,10,3.115508
-34.0,10,3.117314
-8.0,10,3.119673
91.0,10,3.12151
87.0,10,3.124236
46.0,10,3.126028
13.0,10,3.128268
24.0,10,3.13003
37.0,10,3.132667
20.0,10,3.134474
12.0,10,3.13675
-51.0,10,3.138544
-10.0,10,3.141222
-33.0,10,3.143072
-7.0,10,3.145381
72.0,10,3.147186
79.0,10,3.149886
80.0,10,3.151735
42.0,10,3.154094
77.0,10,3.155914
64.0,10,3.15861
-5.0,10,3.160404
-36.0,10,3.162766
117.0,10,3.16464
38.0,10,3.167302
-91.0,10,3.169109
4.0,10,3.17143
19.0,10,3.173211
44.0,10,3.175983
-26.0,10,3.177792
132.0,10,3.18019
37.0,10,3.181985
114.0,10,3.184702
88.0,10,3.18655
61.0,10,3.188893
75.0,10,3.190751
73.0,10,3.193401
-27.0,10,3.195221
5.0,10,3.197555
57.0,10,3.19938
21.0,10,3.202041
33.0,10,3.203868
59.0,10,3.206187
91.0,10,3.208038
116.0,10,3.210735
112.0,10,3.212583
56.0,10,3.214854
43.0,10,3.216687
114.0,10,3.219412
41.0,10,3.221276
27.0,10,3.223502
-73.0,10,3.225315
74.0,10,3.228022
1.0,10,3.229902
74.0,10,3.232227
44.0,10,3.234012
13.0,10,3.236584
21.0,10,3.238397
-42.0,10,3.24067
67.0,10,3.242516
49.0,10,3.245201
131.0,10,3.247026
131.0,10,3.24937
18.0,10,3.251209
94.0,10,3.25388
-3.0,10,3.255691
96.0,10,3.257949
117.0,10,3.259775
170.0,10,3.262482
147.0,10,3.264281
170.0,10,3.266592
57.0,10,3.268441
63.0,10,3.271115
29.0,10,3.272951
80.0,10,3.275324
49.0,10,3.277149
41.0,10,3.27982
91.0,10,3.281617
31.0,10,3.283926
41.0,10,3.285763
125.0,10,3.28855
112.0,10,3.290414
117.0,10,3.292781
78.0,10,3.294602
147.0,10,3.297297
78.0,10,3.299149
147.0,10,3.301466
87.0,10,3.303284
61.0,10,3.305967
119.0,10,3.30783
109.0,10,3.310127
121.0,10,3.311952
57.0,10,3.314617
117.0,10,3.31645
48.0,10,3.318769
19.0,10,3.320563
91.0,10,3.323237
125.0,10,3.325118
124.0,10,3.327466
75.0,10,3.329296
94.0,10,3.332037
147.0,10,3.333852
117.0,10,3.336194
94.0,10,3.338017
80.0,10,3.340651
59.0,10,3.342448
35.0,10,3.344776
28.0,10,3.346628
9.0,10,3.349288
47.0,10,3.351043
89.0,10,3.353381
-14.0,10,3.35519
117.0,10,3.357918
80.0,10,3.359777
124.0,10,3.362124
102.0,10,3.363912
98.0,10,3.366589
34.0,10,3.368371
57.0,10,3.370693
119.0,10,3.372539
71.0,10,3.375249
119.0,10,3.37713
59.0,10,3.379484
112.0,10,3.381299
155.0,10,3.383931
200.0,10,3.38576
135.0,10,3.388051
126.0,10,3.389909
147.0,10,3.392608
124.0,10,3.394452
131.0,10,3.396828
96.0,10,3.398599
109.0,10,3.401355
154.0,10,3.403168
170.0,10,3.405605
140.0,10,3.407619
87.0,10,3.410568
94.0,10,3.412507
131.0,10,3.414988
103.0,10,3.417066
200.0,10,3.420075
80.0,10,3.422206
200.0,10,3.426125
155.0,10,3.428411
109.0,10,3.431798
67.0,10,3.433896
119.0,10,3.436577
125.0,10,3.438916
54.0,10,3.442221
40.0,10,3.444488
32.0,10,3.44731
131.0,10,3.449598
59.0,10,3.452698
117.0,10,3.454828
170.0,10,3.457392
154.0,10,3.459296
131.0,10,3.462189
42.0,10,3.464152
132.0,10,3.466553
74.0,10,3.468426
102.0,10,3.471231
142.0,10,3.473064
89.0,10,3.475458
102.0,10,3.477274
-1.0,10,3.479968
79.0,10,3.481804
177.0,10,3.484185
86.0,10,3.485991
142.0,10,3.488748
45.0,10,3.490601
-18.0,10,3.492944
45.0,10,3.494824
87.0,10,3.497598
-1.0,10,3.499393
109.0,10,3.501914
44.0,10,3.503763
12.0,10,3.506752
-4.0,10,3.509061
94.0,10,3.511934
177.0,10,3.514139
125.0,10,3.518385
103.0,10,3.521414
142.0,10,3.524706
59.0,10,3.526961
73.0,10,3.530013
-2.0,10,3.53189
177.0,10,3.534311
124.0,10,3.536307
55.0,10,3.539211
109.0,10,3.541219
177.0,10,3.543845
142.0,10,3.545844
140.0,10,3.548723
200.0,10,3.550675
80.0,10,3.553051
50.0,10,3.554944
147.0,10,3.557803
110.0,10,3.55982
86.0,10,3.562249
66.0,10,3.564169
36.0,10,3.567064
31.0,10,3.568849
96.0,10,3.571254
38.0,10,3.573175
22.0,10,3.575965
154.0,10,3.577917
79.0,10,3.580239
30.0,10,3.582094
110.0,10,3.585077
72.0,10,3.586987
72.0,10,3.589379
94.0,10,3.591248
144.0,10,3.594051
177.0,10,3.595936
27.0,10,3.598284
35.0,10,3.600168
82.0,10,3.602911
112.0,10,3.604741
200.0,10,3.60708
117.0,10,3.609003
27.0,10,3.611841
22.0,10,3.613842
104.0,10,3.616232
79.0,10,3.618141
21.0,10,3.625338
50.0,10,3.629043
31.0,10,3.63229
126.0,10,3.636703
65.0,10,3.640115
61.0,10,3.642
-99.0,10,3.644638
140.0,10,3.646694
66.0,10,3.650334
147.0,10,3.652395
140.0,10,3.654934
61.0,10,3.656826
71.0,10,3.660202
89.0,10,3.662183
96.0,10,3.664657
109.0,10,3.667502
142.0,10,3.670883
33.0,10,3.672875
70.0,10,3.675285
33.0,10,3.677522
71.0,10,3.681805
124.0,10,3.684028
177.0,10,3.686973
119.0,10,3.689163
140.0,10,3.692976
117.0,10,3.695018
6.0,10,3.697728
11.0,10,3.699755
147.0,10,3.702767
72.0,10,3.704689
80.0,10,3.707386
4.0,10,3.70929
140.0,10,3.712452
105.0,10,3.71447
119.0,10,3.717145
112.0,10,3.719195
72.0,10,3.72217
64.0,10,3.724222
80.0,10,3.726811
5.0,10,3.728849
64.0,10,3.731951
117.0,10,3.734057
94.0,10,3.73688
71.0,10,3.739074
80.0,10,3.742479
117.0,10,3.744573
124.0,10,3.747234
124.0,10,3.749241
57.0,10,3.752481
61.0,10,3.754436
27.0,10,3.757189
87.0,10,3.759144
102.0,10,3.762301
72.0,10,3.764305
170.0,10,3.767016
124.0,10,3.769168
78.0,10,3.772431
140.0,10,3.774509
32.0,10,3.777174
89.0,10,3.779215
44.0,10,3.782615
105.0,10,3.784526
147.0,10,3.787029
155.0,10,3.789087
87.0,10,3.792264
112.0,10,3.79433
119.0,10,3.796906
96.0,10,3.798907
90.0,10,3.801926
66.0,10,3.803883
109.0,10,3.806424
101.0,10,3.80855
95.0,10,3.811749
80.0,10,3.813817
105.0,10,3.816374
72.0,10,3.818383
110.0,10,3.821473
80.0,10,3.823489
64.0,10,3.825935
-78.0,10,3.827724
20.0,10,3.830939
154.0,10,3.833735
80.0,10,3.837485
47.0,10,3.841084
51.0,10,3.844437
87.0,10,3.846826
125.0,10,3.849589
61.0,10,3.851708
200.0,10,3.855382
54.0,10,3.857354
101.0,10,3.859821
126.0,10,3.861722
132.0,10,3.86486
94.0,10,3.867097
140.0,10,3.869675
82.0,10,3.871663
36.0,10,3.874908
96.0,10,3.876898
68.0,10,3.879398
200.0,10,3.881348
19.0,10,3.884726
170.0,10,3.886789
170.0,10,3.889461
64.0,10,3.891643
117.0,10,3.894659
94.0,10,3.896632
108.0,10,3.899265
101.0,10,3.901278
170.0,10,3.904624
59.0,10,3.90659
142.0,10,3.909034
34.0,10,3.910941
117.0,10,3.913852
42.0,10,3.91575
65.0,10,3.918194
200.0,10,3.920302
72.0,10,3.923398
140.0,10,3.925296
110.0,10,3.928088
147.0,10,3.930089
71.0,10,3.933102
57.0,10,3.935177
59.0,10,3.937671
35.0,10,3.939602
-19.0,10,3.943009
57.0,10,3.945033
110.0,10,3.947779
42.0,10,3.950073
57.0,10,3.953409
200.0,10,3.955611
-34.0,10,3.958276
170.0,10,3.963498
147.0,10,3.966661
64.0,10,3.96868
51.0,10,3.971186
147.0,10,3.973663
102.0,10,3.977014
87.0,10,3.979175
124.0,10,3.981801
102.0,10,3.984436
80.0,10,3.988817
155.0,10,3.991038
154.0,10,3.993744
67.0,10,3.995909
71.0,10,3.9993
124.0,10,4.001314
117.0,10,4.00382
95.0,10,4.005768
117.0,10,4.008814
112.0,10,4.01074
155.0,10,4.013148
27.0,10,4.015005
147.0,10,4.017974
4.0,10,4.019915
155.0,10,4.022434
72.0,10,4.024352
110.0,10,4.027347
80.0,10,4.029252
74.0,10,4.031663
102.0,10,4.033484
101.0,10,4.036205
89.0,10,4.038043
95.0,10,4.040384
41.0,10,4.042243
103.0,10,4.045014
147.0,10,4.04693
147.0,10,4.04942
124.0,10,4.051324
117.0,10,4.054171
140.0,10,4.056222
124.0,10,4.0587
114.0,10,4.060538
75.0,10,4.063416
-26.0,10,4.065278
142.0,10,4.06767
109.0,10,4.069574
56.0,10,4.07229
89.0,10,4.074157
125.0,10,4.076555
-11.0,10,4.078246
65.0,10,4.08091
87.0,10,4.082804
27.0,10,4.085144
86.0,10,4.087023
109.0,10,4.089741
142.0,10,4.091628
-3.0,10,4.093876
17.0,10,4.095691
100.0,10,4.098367
96.0,10,4.100156
-39.0,10,4.102458
117.0,10,4.104299
124.0,10,4.107037
117.0,10,4.108926
47.0,10,4.111276
42.0,10,4.113138
49.0,10,4.116014
140.0,10,4.11796
101.0,10,4.120337
65.0,10,4.122217
72.0,10,4.125048
86.0,10,4.126897
70.0,10,4.129243
165.0,10,4.1311
142.0,10,4.133823
125.0,10,4.135722
108.0,10,4.138163
200.0,10,4.140031
87.0,10,4.142864
79.0,10,4.144728
140.0,10,4.147078
86.0,10,4.148953
112.0,10,4.15164
79.0,10,4.153494
74.0,10,4.15579
177.0,10,4.157625
117.0,10,4.160383
34.0,10,4.162182
147.0,10,4.16454
35.0,10,4.166357
79.0,10,4.168999
94.0,10,4.170892
170.0,10,4.173239
57.0,10,4.175063
89.0,10,4.177801
87.0,10,4.179652
39.0,10,4.181984
170.0,10,4.183804
19.0,10,4.186571
2.0,10,4.188397
130.0,10,4.190736
94.0,10,4.192566
56.0,10,4.195273
155.0,10,4.197059
64.0,10,4.199432
147.0,10,4.201316
82.0,10,4.203992
124.0,10,4.205869
110.0,10,4.208211
59.0,10,4.209969
72.0,10,4.212691
154.0,10,4.214553
74.0,10,4.216841
20.0,10,4.218677
12.0,10,4.22135
19.0,10,4.223218
87.0,10,4.225553
102.0,10,4.227412
65.0,10,4.230184
78.0,10,4.232058
142.0,10,4.234381
57.0,10,4.236204
6.0,10,4.238804
27.0,10,4.240646
102.0,10,4.242996
140.0,10,4.244852
54.0,10,4.247508
124.0,10,4.24931
57.0,10,4.251763
117.0,10,4.253596
-45.0,10,4.256206
61.0,10,4.257938
26.0,10,4.260222
87.0,10,4.262082
51.0,10,4.264826
124.0,10,4.266677
131.0,10,4.269036
52.0,10,4.27089
7.0,10,4.273618
101.0,10,4.275474
87.0,10,4.277828
35.0,10,4.279688
117.0,10,4.282439
64.0,10,4.284307
117.0,10,4.286657
135.0,10,4.288442
140.0,10,4.291109
89.0,10,4.292908
132.0,10,4.295242
117.0,10,4.297095
79.0,10,4.299836
142.0,10,4.301644
50.0,10,4.303931
170.0,10,4.305752
132.0,10,4.30855
119.0,10,4.31035
132.0,10,4.312709
17.0,10,4.314529
125.0,10,4.317215
70.0,10,4.319001
5.0,10,4.321326
87.0,10,4.323143
117.0,10,4.325843
16.0,10,4.327594
89.0,10,4.329977
19.0,10,4.33181
-41.0,10,4.334476
64.0,10,4.336269
51.0,10,4.338555
49.0,10,4.340328
112.0,10,4.343111
147.0,10,4.34496
87.0,10,4.34734
94.0,10,4.349124
170.0,10,4.351834
35.0,10,4.353682
32.0,10,4.356013
79.0,10,4.357802
35.0,10,4.360616
177.0,10,4.362481
124.0,10,4.364749
26.0,10,4.366607
-25.0,10,4.369292
87.0,10,4.371105
-46.0,10,4.373429
27.0,10,4.375253
119.0,10,4.378
94.0,10,4.37988
28.0,10,4.382259
110.0,10,4.3841
7.0,10,4.386755
140.0,10,4.388554
44.0,10,4.390913
87.0,10,4.392783
140.0,10,4.39546
27.0,10,4.397238
50.0,10,4.399578
140.0,10,4.401425
147.0,10,4.404107
95.0,10,4.405915
57.0,10,4.408258
117.0,10,4.410085
154.0,10,4.412764
132.0,10,4.41454
48.0,10,4.41687
110.0,10,4.418718
102.0,10,4.421397
140.0,10,4.423253
147.0,10,4.425616
96.0,10,4.427455
124.0,10,4.430183
74.0,10,4.432049
87.0,10,4.434339
140.0,10,4.436149
70.0,10,4.438771
57.0,10,4.440617
177.0,10,4.442993
124.0,10,4.444784
-3.0,10,4.447487
87.0,10,4.449326
42.0,10,4.451642
200.0,10,4.453424
65.0,10,4.456078
-11.0,10,4.457874
147.0,10,4.460236
177.0,10,4.462065
19.0,10,4.464862
117.0,10,4.466647
147.0,10,4.468962
67.0,10,4.470736
124.0,10,4.473387
45.0,10,4.475266
20.0,10,4.477542
57.0,10,4.479392
177.0,10,4.482084
56.0,10,4.48397
72.0,10,4.486273
109.0,10,4.48805
117.0,10,4.490761
124.0,10,4.49266
135.0,10,4.495019
170.0,10,4.496868
117.0,10,4.499606
79.0,10,4.501424
200.0,10,4.503752
135.0,10,4.505498
27.0,10,4.508174
57.0,10,4.510005
57.0,10,4.512271
-50.0,10,4.514091
-18.0,10,4.516781
27.0,10,4.518556
125.0,10,4.520895
127.0,10,4.522634
29.0,10,4.525302
-35.0,10,4.527104
80.0,10,4.529486
12.0,10,4.531352
-26.0,10,4.534092
5.0,10,4.535942
10.0,10,4.538243
117.0,10,4.54007
102.0,10,4.542792
140.0,10,4.544651
177.0,10,4.546997
27.0,10,4.54879
125.0,10,4.551454
55.0,10,4.553285
40.0,10,4.555629
117.0,10,4.557468
70.0,10,4.560095
154.0,10,4.561938
27.0,10,4.564269
125.0,10,4.566097
177.0,10,4.568821
27.0,10,4.570683
57.0,10,4.573103
105.0,10,4.574886
2.0,10,4.577541
-26.0,10,4.579352
-118.0,10,4.581672
42.0,10,4.583491
-25.0,10,4.586166
57.0,10,4.588003
6.0,10,4.59031
27.0,10,4.592148
47.0,10,4.594736
51.0,10,4.59659
57.0,10,4.598912
50.0,10,4.600781
57.0,10,4.603509
72.0,10,4.605369
42.0,10,4.607731
-63.0,10,4.609468
42.0,10,4.612208
5.0,10,4.614018
110.0,10,4.616303
94.0,10,4.618104
10.0,10,4.620664
87.0,10,4.622464
80.0,10,4.624779
109.0,10,4.626644
-4.0,10,4.629241
-40.0,10,4.631173
154.0,10,4.633755
29.0,10,4.635637
42.0,10,4.638477
112.0,10,4.640286
147.0,10,4.642659
21.0,10,4.644571
109.0,10,4.647394
177.0,10,4.649273
87.0,10,4.651618
124.0,10,4.653484
87.0,10,4.656256
-19.0,10,4.658109
65.0,10,4.660476
117.0,10,4.662369
102.0,10,4.665079
117.0,10,4.666917
87.0,10,4.669311
65.0,10,4.67117
94.0,10,4.673942
117.0,10,4.675762
117.0,10,4.678145
102.0,10,4.679982
102.0,10,4.682771
170.0,10,4.684593
47.0,10,4.686897
42.0,10,4.68876
200.0,10,4.69153
147.0,10,4.693385
-18.0,10,4.695746
39.0,10,4.69756
140.0,10,4.700276
125.0,10,4.702138
170.0,10,4.704484
15.0,10,4.706272
131.0,10,4.708923
147.0,10,4.710787
147.0,10,4.713126
27.0,10,4.714987
41.0,10,4.717707
132.0,10,4.719547
124.0,10,4.721913
-9.0,10,4.723716
117.0,10,4.726415
147.0,10,4.728197
117.0,10,4.7306
72.0,10,4.732447
110.0,10,4.735336
87.0,10,4.737186
147.0,10,4.739525
-100.0,10,4.741327
49.0,10,4.744137
84.0,10,4.745911
124.0,10,4.748315
57.0,10,4.750202
-3.0,10,4.752954
-33.0,10,4.754687
80.0,10,4.757038
72.0,10,4.758925
-13.0,10,4.761664
132.0,10,4.763509
87.0,10,4.76593
85.0,10,4.767765
112.0,10,4.770398
140.0,10,4.772253
132.0,10,4.774665
57.0,10,4.776524
50.0,10,4.779276
37.0,10,4.781085
17.0,10,4.783414
142.0,10,4.785234
59.0,10,4.787881
20.0,10,4.789684
135.0,10,4.792045
110.0,10,4.793914
124.0,10,4.796603
149.0,10,4.798388
72.0,10,4.800732
72.0,10,4.802464
11.0,10,4.805105
65.0,10,4.806923
140.0,10,4.80928
94.0,10,4.811148
112.0,10,4.813827
125.0,10,4.815734
-19.0,10,4.818111
125.0,10,4.819968
117.0,10,4.822702
110.0,10,4.824588
147.0,10,4.826946
77.0,10,4.828736
140.0,10,4.831507
125.0,10,4.833261
95.0,10,4.835626
67.0,10,4.837372
200.0,10,4.840059
87.0,10,4.841943
101.0,10,4.844414
79.0,10,4.846211
140.0,10,4.848935
87.0,10,4.850793
5.0,10,4.853202
140.0,10,4.855707
45.0,10,4.858463
147.0,10,4.86033
72.0,10,4.862687
102.0,10,4.864495
12.0,10,4.867193
165.0,10,4.868976
80.0,10,4.87135
200.0,10,4.873194
87.0,10,4.875932
64.0,10,4.877832
140.0,10,4.880195
-20.0,10,4.881951
125.0,10,4.884676
27.0,10,4.886477
34.0,10,4.888814
95.0,10,4.890681
117.0,10,4.893382
79.0,10,4.895238
15.0,10,4.897602
117.0,10,4.899442
-33.0,10,4.902249
95.0,10,4.9041
37.0,10,4.906425
74.0,10,4.908204
102.0,10,4.910861
154.0,10,4.912704
94.0,10,4.91505
78.0,10,4.916898
132.0,10,4.919562
124.0,10,4.921466
64.0,10,4.923801
19.0,10,4.925605
154.0,10,4.928321
110.0,10,4.930178
64.0,10,4.932528
35.0,10,4.934368
35.0,10,4.937078
100.0,10,4.938891
-10.0,10,4.94124
-10.0,10,4.943141
200.0,10,4.945845
177.0,10,4.947678
72.0,10,4.950016
110.0,10,4.951931
110.0,10,4.954665
147.0,10,4.956537
52.0,10,4.95877
15.0,10,4.960567
87.0,10,4.963231
147.0,10,4.965076
-21.0,10,4.96736
49.0,10,4.969157
117.0,10,4.971808
117.0,10,4.973599
200.0,10,4.97594
117.0,10,4.977807
34.0,10,4.980588
24.0,10,4.982349
117.0,10,4.98462
42.0,10,4.986465
-21.0,10,4.989079
102.0,10,4.990924
140.0,10,4.993262
-33.0,10,4.995038
110.0,10,4.997732
65.0,10,4.999556
-35.0,10,5.001805
65.0,10,5.003651
80.0,10,5.006356
100.0,10,5.008179
72.0,10,5.01056
27.0,10,5.012397
-25.0,10,5.015089
140.0,10,5.016922
95.0,10,5.019261
27.0,10,5.021098
124.0,10,5.023819
140.0,10,5.025681
147.0,10,5.02804
80.0,10,5.029925
87.0,10,5.032677
95.0,10,5.034467
57.0,10,5.036793
50.0,10,5.038642
27.0,10,5.041295
140.0,10,5.043131
117.0,10,5.045492
50.0,10,5.04728
35.0,10,5.049975
-18.0,10,5.051822
52.0,10,5.054087
5.0,10,5.055931
140.0,10,5.058606
117.0,10,5.060382
72.0,10,5.062754
72.0,10,5.064555
125.0,10,5.067279
50.0,10,5.069148
65.0,10,5.07143
-3.0,10,5.073246
117.0,10,5.075951
12.0,10,5.077774
-18.0,10,5.080098
30.0,10,5.081873
-85.0,10,5.084581
50.0,10,5.086415
-18.0,10,5.088719
-10.0,10,5.090581
27.0,10,5.093241
80.0,10,5.095052
40.0,10,5.097391
112.0,10,5.099191
80.0,10,5.101849
57.0,10,5.103688
20.0,10,5.105967
65.0,10,5.107847
110.0,10,5.110585
65.0,10,5.112448
125.0,10,5.114788
20.0,10,5.116621
-20.0,10,5.119363
125.0,10,5.121196
52.0,10,5.123466
140.0,10,5.125345
50.0,10,5.128045
89.0,10,5.129786
117.0,10,5.132023
42.0,10,5.133863
95.0,10,5.13649
117.0,10,5.138345
20.0,10,5.140688
87.0,10,5.14251
27.0,10,5.145176
94.0,10,5.146966
42.0,10,5.149292
25.0,10,5.151059
132.0,10,5.153702
10.0,10,5.155489
95.0,10,5.157836
96.0,10,5.159593
147.0,10,5.162296
170.0,10,5.164148
140.0,10,5.166495
54.0,10,5.168261
170.0,10,5.170925
42.0,10,5.172789
117.0,10,5.175151
177.0,10,5.176982
177.0,10,5.179635
142.0,10,5.181397
200.0,10,5.18373
55.0,10,5.185514
57.0,10,5.188183
132.0,10,5.190042
125.0,10,5.192382
82.0,10,5.194076
147.0,10,5.196757
70.0,10,5.198566
102.0,10,5.20088
177.0,10,5.202661
82.0,10,5.205266
80.0,10,5.207122
5.0,10,5.209471
-70.0,10,5.211242
95.0,10,5.213951
125.0,10,5.2158
-3.0,10,5.218161
105.0,10,5.219936
-10.0,10,5.22247
7.0,10,5.224284
42.0,10,5.226722
35.0,10,5.228561
140.0,10,5.231244
40.0,10,5.233009
20.0,10,5.235349
50.0,10,5.237172
42.0,10,5.239807
124.0,10,5.241654
-3.0,10,5.244056
79.0,10,5.245895
170.0,10,5.248643
32.0,10,5.250399
87.0,10,5.252649
35.0,10,5.254364
170.0,10,5.256993
79.0,10,5.258863
35.0,10,5.261194
-80.0,10,5.262987
95.0,10,5.265691
65.0,10,5.267516
65.0,10,5.26979
82.0,10,5.271573
117.0,10,5.274258
35.0,10,5.276165
177.0,10,5.278536
110.0,10,5.280383
65.0,10,5.283088
50.0,10,5.284917
12.0,10,5.287231
-35.0,10,5.289028
100.0,10,5.291805
-5.0,10,5.293658
-13.0,10,5.295949
80.0,10,5.297793
72.0,10,5.300525
-3.0,10,5.302338
25.0,10,5.304609
40.0,10,5.306378
135.0,10,5.309096
50.0,10,5.310976
87.0,10,5.313379
140.0,10,5.315209
170.0,10,5.317904
72.0,10,5.319691
80.0,10,5.321957
35.0,10,5.3238
-35.0,10,5.326537
132.0,10,5.32839
75.0,10,5.330712
110.0,10,5.332546
80.0,10,5.335247
125.0,10,5.337008
110.0,10,5.339316
87.0,10,5.341164
100.0,10,5.343774
117.0,10,5.345562
177.0,10,5.347877
170.0,10,5.349644
147.0,10,5.352294
-16.0,10,5.35404
94.0,10,5.356393
102.0,10,5.358267
-30.0,10,5.360964
177.0,10,5.362849
72.0,10,5.365122
147.0,10,5.36692
100.0,10,5.369613
140.0,10,5.371381
125.0,10,5.373741
75.0,10,5.375562
110.0,10,5.378285
35.0,10,5.38001
32.0,10,5.382303
80.0,10,5.384178
-55.0,10,5.386821
117.0,10,5.388651
84.0,10,5.390986
149.0,10,5.392863
140.0,10,5.395576
47.0,10,5.397341
95.0,10,5.399638
72.0,10,5.401495
125.0,10,5.404178
110.0,10,5.40599
80.0,10,5.408346
95.0,10,5.410245
200.0,10,5.412927
117.0,10,5.414777
125.0,10,5.417121
95.0,10,5.418971
87.0,10,5.421625
170.0,10,5.423505
72.0,10,5.425881
117.0,10,5.427705
109.0,10,5.430272
49.0,10,5.432127
170.0,10,5.434455
35.0,10,5.436311
200.0,10,5.438998
20.0,10,5.440887
200.0,10,5.443391
52.0,10,5.445161
4.0,10,5.447849
95.0,10,5.449697
147.0,10,5.452058
125.0,10,5.453882
170.0,10,5.456531
64.0,10,5.458578
47.0,10,5.461268
-10.0,10,5.463454
-25.0,10,5.466587
10.0,10,5.468616
132.0,10,5.471317
65.0,10,5.473819
5.0,10,5.478921
64.0,10,5.480931
57.0,10,5.483509
26.0,10,5.485757
125.0,10,5.48888
59.0,10,5.49085
170.0,10,5.493407
72.0,10,5.495364
64.0,10,5.498423
117.0,10,5.500651
49.0,10,5.503536
110.0,10,5.505927
79.0,10,5.509449
170.0,10,5.511429
72.0,10,5.51388
170.0,10,5.515779
-28.0,10,5.518548
90.0,10,5.520417
35.0,10,5.522762
110.0,10,5.524634
42.0,10,5.527339
20.0,10,5.529291
140.0,10,5.532003
50.0,10,5.534121
165.0,10,5.537162
95.0,10,5.539214
95.0,10,5.541651
95.0,10,5.546997
27.0,10,5.549739
87.0,10,5.551659
5.0,10,5.554092
125.0,10,5.556139
95.0,10,5.559343
140.0,10,5.567705
-88.0,10,5.570158
-5.0,10,5.572203
117.0,10,5.575252
20.0,10,5.577718
87.0,10,5.580662
-3.0,10,5.582903
5.0,10,5.586324
19.0,10,5.590022
65.0,10,5.592688
64.0,10,5.594977
35.0,10,5.598297
125.0,10,5.600618
20.0,10,5.603469
-50.0,10,5.605837
-10.0,10,5.60934
40.0,10,5.611478
170.0,10,5.613922
32.0,10,5.615769
57.0,10,5.618605
117.0,10,5.620536
170.0,10,5.623002
170.0,10,5.624969
64.0,10,5.627947
170.0,10,5.629846
94.0,10,5.632315
170.0,10,5.634237
10.0,10,5.637184
155.0,10,5.639108
117.0,10,5.641642
110.0,10,5.643683
95.0,10,5.646738
59.0,10,5.648709
50.0,10,5.651226
125.0,10,5.653194
65.0,10,5.656049
35.0,10,5.658074
117.0,10,5.660695
142.0,10,5.662718
65.0,10,5.667322
147.0,10,5.669529
47.0,10,5.67288
110.0,10,5.675586
95.0,10,5.67998
102.0,10,5.682519
117.0,10,5.686229
50.0,10,5.688865
172.0,10,5.692576
87.0,10,5.695276
104.0,10,5.698535
100.0,10,5.700919
125.0,10,5.70461
50.0,10,5.707205
95.0,10,5.709866
200.0,10,5.71182
59.0,10,5.714682
140.0,10,5.716626
140.0,10,5.719123
32.0,10,5.721042
110.0,10,5.72389
-10.0,10,5.72581
117.0,10,5.728205
30.0,10,5.730085
140.0,10,5.73305
65.0,10,5.735101
27.0,10,5.737584
20.0,10,5.739564
35.0,10,5.742552
95.0,10,5.744496
125.0,10,5.746942
25.0,10,5.748797
80.0,10,5.75166
82.0,10,5.753496
170.0,10,5.755902
42.0,10,5.757763
117.0,10,5.760569
72.0,10,5.762476
-8.0,10,5.765865
135.0,10,5.768723
140.0,10,5.772857
135.0,10,5.775569
117.0,10,5.778861
200.0,10,5.781424
140.0,10,5.785284
110.0,10,5.787451
177.0,10,5.790037
25.0,10,5.792233
102.0,10,5.795499
140.0,10,5.79748
75.0,10,5.799966
80.0,10,5.802713
147.0,10,5.806494
117.0,10,5.809114
70.0,10,5.812156
125.0,10,5.81411
35.0,10,5.817383
147.0,10,5.819584
80.0,10,5.82213
65.0,10,5.824052
70.0,10,5.827801
170.0,10,5.83058
72.0,10,5.833745
42.0,10,5.83621
155.0,10,5.840406
200.0,10,5.842584
200.0,10,5.8464
87.0,10,5.848936
32.0,10,5.851828
110.0,10,5.854344
65.0,10,5.857254
89.0,10,5.859217
147.0,10,5.863229
140.0,10,5.866102
140.0,10,5.869609
95.0,10,5.872399
82.0,10,5.876435
80.0,10,5.878478
65.0,10,5.881044
130.0,10,5.883619
117.0,10,5.88685
125.0,10,5.888824
87.0,10,5.891254
200.0,10,5.893271
140.0,10,5.896167
47.0,10,5.898174
27.0,10,5.900582
80.0,10,5.902521
110.0,10,5.905398
50.0,10,5.907335
117.0,10,5.910164
155.0,10,5.912928
135.0,10,5.915989
200.0,10,5.918031
117.0,10,5.92063
57.0,10,5.922558
125.0,10,5.926318
125.0,10,5.928944
147.0,10,5.932346
119.0,10,5.93528
72.0,10,5.938249
87.0,10,5.940215
110.0,10,5.942707
100.0,10,5.944594
80.0,10,5.947458
117.0,10,5.949405
102.0,10,5.952446
110.0,10,5.954897
42.0,10,5.957933
140.0,10,5.960032
200.0,10,5.964999
102.0,10,5.968008
65.0,10,5.972141
170.0,10,5.974834
110.0,10,5.977358
117.0,10,5.979284
105.0,10,5.982198
87.0,10,5.98409
80.0,10,5.986572
140.0,10,5.988611
87.0,10,5.991423
57.0,10,5.993395
147.0,10,5.995958
110.0,10,5.997968
140.0,10,6.00086
200.0,10,6.002841
102.0,10,6.005327
140.0,10,6.007994
34.0,10,6.012082
55.0,10,6.013981
42.0,10,6.016346
200.0,10,6.018311
147.0,10,6.021175
147.0,10,6.023119
117.0,10,6.025558
64.0,10,6.027531
170.0,10,6.030503
140.0,10,6.032465
177.0,10,6.034924
67.0,10,6.03682
87.0,10,6.03968
132.0,10,6.041945
110.0,10,6.045566
87.0,10,6.048242
110.0,10,6.051757
-25.0,10,6.054064
117.0,10,6.05711
117.0,10,6.059436
125.0,10,6.063155
102.0,10,6.065386
125.0,10,6.068864
80.0,10,6.071865
87.0,10,6.076044
80.0,10,6.078242
170.0,10,6.081421
155.0,10,6.08399
112.0,10,6.087632
177.0,10,6.090192
75.0,10,6.093513
110.0,10,6.096108
170.0,10,6.099937
125.0,10,6.102459
45.0,10,6.105738
50.0,10,6.108349
65.0,10,6.112543
5.0,10,6.115393
95.0,10,6.118704
170.0,10,6.121643
155.0,10,6.125103
110.0,10,6.127172
50.0,10,6.129737
117.0,10,6.13174
110.0,10,6.134615
140.0,10,6.136571
140.0,10,6.139076
64.0,10,6.14111
27.0,10,6.143992
65.0,10,6.145961
117.0,10,6.148488
50.0,10,6.150481
147.0,10,6.153318
80.0,10,6.155293
-26.0,10,6.157786
49.0,10,6.159667
140.0,10,6.162554
50.0,10,6.164506
117.0,10,6.167006
87.0,10,6.168856
79.0,10,6.17178
170.0,10,6.174029
71.0,10,6.176517
94.0,10,6.1785
102.0,10,6.181407
102.0,10,6.183418
200.0,10,6.185976
35.0,10,6.187857
94.0,10,6.191143
147.0,10,6.198115
110.0,10,6.205542
87.0,10,6.207572
140.0,10,6.21041
102.0,10,6.21236
112.0,10,6.2148
110.0,10,6.216695
50.0,10,6.219611
105.0,10,6.266165
170.0,10,6.268686
140.0,10,6.270613
140.0,10,6.27355
140.0,10,6.275505
170.0,10,6.27792
25.0,10,6.2797
147.0,10,6.282576
110.0,10,6.28443
95.0,10,6.286831
170.0,10,6.28874
20.0,10,6.291458
140.0,10,6.293536
65.0,10,6.295969
110.0,10,6.298004
94.0,10,6.3012
50.0,10,6.303473
44.0,10,6.306052
140.0,10,6.308001
50.0,10,6.3109
5.0,10,6.312922
102.0,10,6.315367
102.0,10,6.317388
94.0,10,6.320378
147.0,10,6.322472
170.0,10,6.324964
82.0,10,6.326807
140.0,10,6.329737
35.0,10,6.331753
110.0,10,6.334178
110.0,10,6.336242
165.0,10,6.339013
80.0,10,6.340885
95.0,10,6.343471
117.0,10,6.345384
95.0,10,6.348193
110.0,10,6.350133
2.0,10,6.35253
110.0,10,6.354501
35.0,10,6.357184
147.0,10,6.359092
170.0,10,6.361467
94.0,10,6.363336
170.0,10,6.366145
147.0,10,6.368119
42.0,10,6.37055
49.0,10,6.372502
177.0,10,6.375394
200.0,10,6.377272
140.0,10,6.379686
140.0,10,6.381558
147.0,10,6.384347
155.0,10,6.386272
102.0,10,6.388691
170.0,10,6.390582
200.0,10,6.39348
170.0,10,6.395465
200.0,10,6.3979
170.0,10,6.399791
42.0,10,6.402665
125.0,10,6.404571
52.0,10,6.407039
80.0,10,6.408954
77.0,10,6.411717
87.0,10,6.413544
61.0,10,6.415839
35.0,10,6.417768
140.0,10,6.420597
94.0,10,6.42242
110.0,10,6.424884
170.0,10,6.426818
140.0,10,6.429568
82.0,10,6.431423
94.0,10,6.433747
110.0,10,6.435615
110.0,10,6.438328
65.0,10,6.440238
42.0,10,6.443666
110.0,10,6.450881
-55.0,10,6.456005
20.0,10,6.45842
177.0,10,6.465902
95.0,10,6.468288
155.0,10,6.472054
140.0,10,6.474171
117.0,10,6.476973
70.0,10,6.482562
177.0,10,6.498929
50.0,10,6.501188
90.0,10,6.504
170.0,10,6.506016
42.0,10,6.509029
60.0,10,6.510933
95.0,10,6.513336
125.0,10,6.515253
170.0,10,6.518183
105.0,10,6.520081
110.0,10,6.522515
140.0,10,6.524417
140.0,10,6.527201
42.0,10,6.529142
80.0,10,6.531526
117.0,10,6.533433
117.0,10,6.536217
89.0,10,6.538078
95.0,10,6.540416
102.0,10,6.542199
147.0,10,6.545111
110.0,10,6.547108
7.0,10,6.54966
110.0,10,6.551892
65.0,10,6.554965
170.0,10,6.55691
50.0,10,6.559412
80.0,10,6.561343
95.0,10,6.564165
102.0,10,6.566043
65.0,10,6.568475
65.0,10,6.570332
50.0,10,6.573043
112.0,10,6.574904
125.0,10,6.577372
87.0,10,6.579173
170.0,10,6.581967
40.0,10,6.583792
200.0,10,6.586236
30.0,10,6.588022
170.0,10,6.59079
140.0,10,6.592667
170.0,10,6.595045
87.0,10,6.596908
20.0,10,6.599574
-10.0,10,6.601425
140.0,10,6.603759
110.0,10,6.605628
125.0,10,6.608342
65.0,10,6.610285
125.0,10,6.612707
47.0,10,6.614526
170.0,10,6.617494
87.0,10,6.619405
60.0,10,6.621695
17.0,10,6.623539
140.0,10,6.626376
5.0,10,6.628492
95.0,10,6.631018
140.0,10,6.63302
170.0,10,6.636038
95.0,10,6.638002
35.0,10,6.64048
110.0,10,6.642408
170.0,10,6.645651
42.0,10,6.647687
72.0,10,6.650154
125.0,10,6.652045
110.0,10,6.654882
5.0,10,6.656777
140.0,10,6.659173
130.0,10,6.661085
117.0,10,6.663961
5.0,10,6.665833
72.0,10,6.668262
109.0,10,6.670113
35.0,10,6.673038
65.0,10,6.675033
170.0,10,6.677634
87.0,10,6.679615
110.0,10,6.682503
140.0,10,6.684519
80.0,10,6.687075
87.0,10,6.689213
65.0,10,6.692208
35.0,10,6.695681
110.0,10,6.699029
110.0,10,6.701684
155.0,10,6.705549
24.0,10,6.708835
140.0,10,6.711835
140.0,10,6.714255
110.0,10,6.718281
140.0,10,6.720601
20.0,10,6.723268
-4.0,10,6.725896
57.0,10,6.729887
87.0,10,6.732387
105.0,10,6.735397
140.0,10,6.737295
120.0,10,6.740606
117.0,10,6.743312
96.0,10,6.746292
117.0,10,6.748718
125.0,10,6.752142
177.0,10,6.754398
102.0,10,6.757276
140.0,10,6.759926
79.0,10,6.763456
87.0,10,6.765851
140.0,10,6.768346
57.0,10,6.770318
155.0,10,6.773357
95.0,10,6.775414
35.0,10,6.778
50.0,10,6.779972
80.0,10,6.78292
105.0,10,6.78499
124.0,10,6.787428
64.0,10,6.789358
140.0,10,6.792458
102.0,10,6.794495
102.0,10,6.79705
17.0,10,6.799008
140.0,10,6.802086
102.0,10,6.804049
95.0,10,6.806504
90.0,10,6.808374
75.0,10,6.811739
110.0,10,6.814262
170.0,10,6.818865
125.0,10,6.822824
65.0,10,6.8269
65.0,10,6.829637
140.0,10,6.832684
95.0,10,6.835123
80.0,10,6.839105
155.0,10,6.841838
80.0,10,6.845382
95.0,10,6.84807
125.0,10,6.852112
110.0,10,6.854683
55.0,10,6.858105
119.0,10,6.860973
110.0,10,6.864795
155.0,10,6.867495
140.0,10,6.871132
155.0,10,6.873648
140.0,10,6.878008
67.0,10,6.880803
110.0,10,6.884286
200.0,10,6.886934
125.0,10,6.890797
200.0,10,6.893866
110.0,10,6.897368
155.0,10,6.900086
140.0,10,6.903755
200.0,10,6.906485
132.0,10,6.910049
170.0,10,6.912964
165.0,10,6.917187
107.0,10,6.920034
107.0,10,6.923436
110.0,10,6.926389
100.0,10,6.931054
117.0,10,6.933978
95.0,10,6.937671
119.0,10,6.940337
110.0,10,6.944562
170.0,10,6.947206
110.0,10,6.949886
200.0,10,6.951983
110.0,10,6.955902
57.0,10,6.958156
117.0,10,6.960974
50.0,10,6.963068
65.0,10,6.966305
87.0,10,6.96842
130.0,10,6.97174
200.0,10,6.974256
140.0,10,6.978285
140.0,10,6.980278
50.0,10,6.982735
50.0,10,6.984638
35.0,10,6.987479
147.0,10,6.989423
147.0,10,6.991875
110.0,10,6.994154
170.0,10,6.997121
140.0,10,6.999962
177.0,10,7.002958
5.0,10,7.004822
170.0,10,7.007782
170.0,10,7.010041
82.0,10,7.012524
109.0,10,7.015136
74.0,10,7.019046
147.0,10,7.021735
149.0,10,7.025129
177.0,10,7.028366
50.0,10,7.031853
110.0,10,7.033814
75.0,10,7.037142
117.0,10,7.039335
200.0,10,7.042421
140.0,10,7.044641
140.0,10,7.047705
82.0,10,7.050295
200.0,10,7.053502
170.0,10,7.055473
140.0,10,7.058015
170.0,10,7.060092
140.0,10,7.06314
170.0,10,7.065108
117.0,10,7.068545
177.0,10,7.070595
140.0,10,7.073594
131.0,10,7.076252
140.0,10,7.081034
57.0,10,7.083425
177.0,10,7.086495
125.0,10,7.088558
70.0,10,7.091082
147.0,10,7.093052
110.0,10,7.096352
72.0,10,7.098378
60.0,10,7.100942
147.0,10,7.102936
117.0,10,7.106047
125.0,10,7.10813
140.0,10,7.110619
15.0,10,7.112481
110.0,10,7.11601
140.0,10,7.118856
110.0,10,7.121867
105.0,10,7.124032
140.0,10,7.12751
70.0,10,7.129788
170.0,10,7.132869
140.0,10,7.135497
140.0,10,7.138635
65.0,10,7.140618
20.0,10,7.143141
95.0,10,7.145114
135.0,10,7.147904
170.0,10,7.149884
200.0,10,7.152404
5.0,10,7.154282
110.0,10,7.157181
112.0,10,7.15907
110.0,10,7.161728
95.0,10,7.164295
140.0,10,7.168321
117.0,10,7.171229
80.0,10,7.174495
200.0,10,7.176499
155.0,10,7.17935
142.0,10,7.181266
37.0,10,7.18367
59.0,10,7.185482
140.0,10,7.18835
200.0,10,7.190283
55.0,10,7.192701
147.0,10,7.194571
95.0,10,7.197383
142.0,10,7.199283
165.0,10,7.20171
135.0,10,7.203597
27.0,10,7.206411
200.0,10,7.208352
25.0,10,7.210753
170.0,10,7.212669
125.0,10,7.215607
35.0,10,7.2176
110.0,10,7.220046
-28.0,10,7.22184
170.0,10,7.224765
80.0,10,7.226691
147.0,10,7.229169
170.0,10,7.231111
110.0,10,7.233987
-20.0,10,7.23591
140.0,10,7.244382
82.0,10,7.247699
200.0,10,7.250802
20.0,10,7.252751
110.0,10,7.25516
107.0,10,7.257023
117.0,10,7.302904
95.0,10,7.305325
57.0,10,7.307814
170.0,10,7.30965
147.0,10,7.312569
87.0,10,7.314511
95.0,10,7.316916
15.0,10,7.318765
170.0,10,7.321703
170.0,10,7.323669
177.0,10,7.326114
147.0,10,7.328053
124.0,10,7.330824
154.0,10,7.332676
154.0,10,7.335113
94.0,10,7.337003
177.0,10,7.339834
107.0,10,7.341636
117.0,10,7.344297
147.0,10,7.346313
177.0,10,7.349094
117.0,10,7.35098
177.0,10,7.353408
170.0,10,7.355385
80.0,10,7.358248
147.0,10,7.360151
170.0,10,7.362558
140.0,10,7.364521
75.0,10,7.367379
97.0,10,7.369222
125.0,10,7.371578
50.0,10,7.373669
55.0,10,7.376472
47.0,10,7.378335
47.0,10,7.38081
147.0,10,7.38282
170.0,10,7.38562
124.0,10,7.387499
117.0,10,7.389961
94.0,10,7.391863
112.0,10,7.394721
200.0,10,7.396656
110.0,10,7.399073
110.0,10,7.400989
117.0,10,7.403759
52.0,10,7.405558
140.0,10,7.407882
65.0,10,7.409813
147.0,10,7.412635
140.0,10,7.414547
154.0,10,7.416963
110.0,10,7.418838
74.0,10,7.421623
72.0,10,7.423505
102.0,10,7.42589
95.0,10,7.427738
177.0,10,7.430491
170.0,10,7.43242
117.0,10,7.434837
12.0,10,7.436658
-26.0,10,7.439441
80.0,10,7.441352
200.0,10,7.443646
80.0,10,7.445558
20.0,10,7.448306
102.0,10,7.45017
37.0,10,7.452494
110.0,10,7.454385
65.0,10,7.457197
87.0,10,7.459122
105.0,10,7.461451
117.0,10,7.463326
170.0,10,7.466015
110.0,10,7.46791
35.0,10,7.470268
170.0,10,7.472168
170.0,10,7.475065
110.0,10,7.476963
105.0,10,7.479329
125.0,10,7.481231
102.0,10,7.484138
110.0,10,7.48615
30.0,10,7.488527
140.0,10,7.490405
95.0,10,7.493285
177.0,10,7.495182
42.0,10,7.49821
147.0,10,7.500263
110.0,10,7.503217
55.0,10,7.505101
95.0,10,7.507535
125.0,10,7.509868
-10.0,10,7.513396
125.0,10,7.515554
20.0,10,7.51796
170.0,10,7.519864
142.0,10,7.522623
-55.0,10,7.524582
50.0,10,7.526978
147.0,10,7.528908
132.0,10,7.531722
102.0,10,7.533492
140.0,10,7.535827
170.0,10,7.537731
112.0,10,7.540638
155.0,10,7.542554
105.0,10,7.544881
96.0,10,7.54675
147.0,10,7.549556
117.0,10,7.55144
79.0,10,7.553698
170.0,10,7.555629
59.0,10,7.558412
124.0,10,7.560319
95.0,10,7.562696
177.0,10,7.564612
117.0,10,7.567444
170.0,10,7.569349
35.0,10,7.571728
200.0,10,7.573597
170.0,10,7.576437
125.0,10,7.57832
140.0,10,7.580751
70.0,10,7.582626
200.0,10,7.585397
110.0,10,7.587245
142.0,10,7.589595
165.0,10,7.591431
147.0,10,7.594145
131.0,10,7.596008
101.0,10,7.598305
140.0,10,7.600178
200.0,10,7.602869
140.0,10,7.604726
200.0,10,7.607164
42.0,10,7.608972
140.0,10,7.611648
110.0,10,7.61352
147.0,10,7.615859
140.0,10,7.617683
140.0,10,7.620361
170.0,10,7.622216
140.0,10,7.624564
140.0,10,7.626422
170.0,10,7.629062
82.0,10,7.630863
110.0,10,7.633207
95.0,10,7.635055
140.0,10,7.637687
140.0,10,7.639559
140.0,10,7.641895
200.0,10,7.643821
110.0,10,7.646621
170.0,10,7.64852
80.0,10,7.650889
-3.0,10,7.65277
170.0,10,7.655492
200.0,10,7.657335
117.0,10,7.659677
87.0,10,7.661531
117.0,10,7.664207
140.0,10,7.666079
154.0,10,7.66846
87.0,10,7.670326
94.0,10,7.673003
177.0,10,7.674876
147.0,10,7.677158
110.0,10,7.679028
170.0,10,7.681663
105.0,10,7.683494
102.0,10,7.685806
-33.0,10,7.687712
170.0,10,7.690526
110.0,10,7.692399
170.0,10,7.694733
110.0,10,7.696606
125.0,10,7.69934
117.0,10,7.7012
95.0,10,7.703488
200.0,10,7.705317
130.0,10,7.707923
147.0,10,7.709784
177.0,10,7.712124
147.0,10,7.713995
170.0,10,7.716702
125.0,10,7.718661
177.0,10,7.721092
-8.0,10,7.722837
170.0,10,7.725523
87.0,10,7.727335
140.0,10,7.72971
124.0,10,7.731586
87.0,10,7.734347
84.0,10,7.73615
110.0,10,7.738433
154.0,10,7.740233
50.0,10,7.742946
140.0,10,7.744794
75.0,10,7.747111
124.0,10,7.748975
170.0,10,7.751649
112.0,10,7.753444
105.0,10,7.755757
117.0,10,7.757615
94.0,10,7.76035
140.0,10,7.762215
140.0,10,7.764586
140.0,10,7.766416
200.0,10,7.769051
140.0,10,7.770869
64.0,10,7.773188
94.0,10,7.775015
119.0,10,7.777674
51.0,10,7.779482
65.0,10,7.781803
140.0,10,7.78369
170.0,10,7.786326
87.0,10,7.788238
147.0,10,7.790579
147.0,10,7.792374
200.0,10,7.795037
200.0,10,7.796933
107.0,10,7.799254
170.0,10,7.801104
177.0,10,7.803795
101.0,10,7.80567
124.0,10,7.808001
140.0,10,7.809803
110.0,10,7.81254
142.0,10,7.814362
177.0,10,7.816739
117.0,10,7.818586
132.0,10,7.821183
140.0,10,7.82307
140.0,10,7.82548
87.0,10,7.827306
77.0,10,7.829961
90.0,10,7.831709
95.0,10,7.833959
125.0,10,7.835746
170.0,10,7.838414
200.0,10,7.840163
147.0,10,7.842535
147.0,10,7.844412
147.0,10,7.847204
170.0,10,7.849103
177.0,10,7.851383
95.0,10,7.853201
80.0,10,7.85594
87.0,10,7.857832
87.0,10,7.86019
110.0,10,7.862062
140.0,10,7.864775
110.0,10,7.866669
170.0,10,7.868986
170.0,10,7.870768
125.0,10,7.873327
110.0,10,7.875193
155.0,10,7.877519
147.0,10,7.879387
95.0,10,7.882032
200.0,10,7.883861
117.0,10,7.886273
117.0,10,7.888066
170.0,10,7.890642
94.0,10,7.89246
200.0,10,7.894758
170.0,10,7.896624
80.0,10,7.899371
200.0,10,7.901235
200.0,10,7.903559
52.0,10,7.905355
110.0,10,7.907967
124.0,10,7.909834
75.0,10,7.912174
117.0,10,7.914111
147.0,10,7.916721
82.0,10,7.918552
147.0,10,7.920919
177.0,10,7.922783
147.0,10,7.925458
124.0,10,7.927304
177.0,10,7.92964
89.0,10,7.931494
131.0,10,7.934161
170.0,10,7.936008
140.0,10,7.938325
170.0,10,7.940201
200.0,10,7.942852
170.0,10,7.944688
22.0,10,7.946987
110.0,10,7.94885
170.0,10,7.95152
-24.0,10,7.953284
65.0,10,7.955578
125.0,10,7.957383
119.0,10,7.959935
94.0,10,7.961796
200.0,10,7.964103
177.0,10,7.965915
147.0,10,7.968634
147.0,10,7.970438
135.0,10,7.972724
94.0,10,7.974637
87.0,10,7.977374
140.0,10,7.979237
119.0,10,7.981527
65.0,10,7.983284
147.0,10,7.986005
102.0,10,7.987871
155.0,10,7.990177
117.0,10,7.992018
154.0,10,7.994553
170.0,10,7.996367
80.0,10,7.998697
87.0,10,8.000466
102.0,10,8.002945
125.0,10,8.004756
147.0,10,8.007034
140.0,10,8.008899
140.0,10,8.011561
102.0,10,8.013396
200.0,10,8.015758
110.0,10,8.017608
200.0,10,8.020258
124.0,10,8.022079
140.0,10,8.024405
100.0,10,8.026211
117.0,10,8.028891
170.0,10,8.030743
170.0,10,8.033076
140.0,10,8.034958
170.0,10,8.037618
64.0,10,8.039422
117.0,10,8.041858
7.0,10,8.043618
94.0,10,8.046222
117.0,10,8.048095
147.0,10,8.050468
80.0,10,8.052297
80.0,10,8.054933
102.0,10,8.056732
140.0,10,8.059056
140.0,10,8.06093
140.0,10,8.063556
165.0,10,8.065376
170.0,10,8.067699
95.0,10,8.069536
140.0,10,8.072197
117.0,10,8.074088
200.0,10,8.076449
200.0,10,8.078322
110.0,10,8.08102
165.0,10,8.082873
95.0,10,8.085121
135.0,10,8.086889
117.0,10,8.0896
100.0,10,8.091421
59.0,10,8.093726
57.0,10,8.09553
110.0,10,8.098165
155.0,10,8.100075
65.0,10,8.102384
140.0,10,8.104232
65.0,10,8.106904
170.0,10,8.108745
112.0,10,8.110997
147.0,10,8.112812
147.0,10,8.11545
100.0,10,8.117317
87.0,10,8.119538
80.0,10,8.121326
200.0,10,8.124023
170.0,10,8.125811
110.0,10,8.128152
170.0,10,8.129996
200.0,10,8.1326
112.0,10,8.134435
100.0,10,8.136654
140.0,10,8.138477
147.0,10,8.141186
170.0,10,8.14303
105.0,10,8.145326
147.0,10,8.147166
200.0,10,8.149855
87.0,10,8.15172
140.0,10,8.154028
117.0,10,8.15587
170.0,10,8.158542
200.0,10,8.160434
165.0,10,8.162682
110.0,10,8.164484
87.0,10,8.167147
110.0,10,8.169008
50.0,10,8.171319
170.0,10,8.173151
40.0,10,8.175751
170.0,10,8.177613
170.0,10,8.179929
94.0,10,8.181811
125.0,10,8.184507
147.0,10,8.186305
140.0,10,8.188564
170.0,10,8.190424
170.0,10,8.192978
147.0,10,8.194743
107.0,10,8.197022
95.0,10,8.198899
140.0,10,8.201588
17.0,10,8.203407
130.0,10,8.205665
170.0,10,8.207516
95.0,10,8.210136
80.0,10,8.212015
177.0,10,8.214278
149.0,10,8.216017
75.0,10,8.218579
170.0,10,8.22041
170.0,10,8.222791
82.0,10,8.224578
77.0,10,8.227109
102.0,10,8.2289
165.0,10,8.231153
177.0,10,8.232975
147.0,10,8.235599
40.0,10,8.237377
140.0,10,8.239668
75.0,10,8.241462
87.0,10,8.244602
57.0,10,8.246795
110.0,10,8.249562
131.0,10,8.251458
140.0,10,8.254387
177.0,10,8.256376
41.0,10,8.258848
135.0,10,8.26095
147.0,10,8.263894
170.0,10,8.265835
117.0,10,8.268261
147.0,10,8.270225
50.0,10,8.273084
114.0,10,8.274932
119.0,10,8.277314
40.0,10,8.279103
140.0,10,8.281857
87.0,10,8.283801
57.0,10,8.286196
200.0,10,8.288076
140.0,10,8.290854
117.0,10,8.292623
87.0,10,8.294944
170.0,10,8.296849
65.0,10,8.299588
170.0,10,8.30149
110.0,10,8.303843
140.0,10,8.305705
200.0,10,8.308434
154.0,10,8.310319
107.0,10,8.312569
112.0,10,8.314417
124.0,10,8.317168
170.0,10,8.319033
80.0,10,8.321347
170.0,10,8.323233
110.0,10,8.326175
200.0,10,8.328103
110.0,10,8.330451
177.0,10,8.332292
147.0,10,8.335003
170.0,10,8.336882
102.0,10,8.339326
147.0,10,8.341218
44.0,10,8.343805
140.0,10,8.345601
154.0,10,8.347944
117.0,10,8.349815
170.0,10,8.352463
140.0,10,8.354354
124.0,10,8.356666
154.0,10,8.358554
170.0,10,8.361211
117.0,10,8.363093
154.0,10,8.365455
124.0,10,8.367275
147.0,10,8.370014
124.0,10,8.371927
124.0,10,8.374263
108.0,10,8.376219
140.0,10,8.378938
149.0,10,8.38077
80.0,10,8.383168
105.0,10,8.384995
59.0,10,8.387594
112.0,10,8.389423
170.0,10,8.391762
110.0,10,8.393649
80.0,10,8.396434
112.0,10,8.398218
142.0,10,8.400551
110.0,10,8.402385
105.0,10,8.405003
140.0,10,8.406903
147.0,10,8.40918
177.0,10,8.411025
-24.0,10,8.413684
124.0,10,8.415497
147.0,10,8.417853
142.0,10,8.419655
140.0,10,8.422305
110.0,10,8.424186
124.0,10,8.426501
117.0,10,8.428366
117.0,10,8.431169
177.0,10,8.433077
124.0,10,8.435442
59.0,10,8.437254
110.0,10,8.440005
177.0,10,8.441928
170.0,10,8.444293
140.0,10,8.446098
40.0,10,8.448728
87.0,10,8.450584
10.0,10,8.452962
102.0,10,8.454835
117.0,10,8.457551
80.0,10,8.459399
60.0,10,8.461631
80.0,10,8.463504
-3.0,10,8.466143
35.0,10,8.468001
110.0,10,8.470315
170.0,10,8.472132
170.0,10,8.474847
34.0,10,8.47668
105.0,10,8.479036
109.0,10,8.48074
50.0,10,8.483425
35.0,10,8.485376
135.0,10,8.487688
75.0,10,8.489524
140.0,10,8.492181
82.0,10,8.493978
65.0,10,8.496304
200.0,10,8.498217
170.0,10,8.500982
117.0,10,8.502841
147.0,10,8.505256
170.0,10,8.507075
147.0,10,8.509773
170.0,10,8.511638
170.0,10,8.514016
94.0,10,8.515888
87.0,10,8.518606
170.0,10,8.520482
135.0,10,8.522795
200.0,10,8.524605
87.0,10,8.527121
200.0,10,8.528948
124.0,10,8.531203
80.0,10,8.53307
65.0,10,8.535613
65.0,10,8.537369
130.0,10,8.539626
117.0,10,8.54147
140.0,10,8.544159
49.0,10,8.54596
147.0,10,8.548295
170.0,10,8.550141
140.0,10,8.55283
102.0,10,8.554591
147.0,10,8.556857
140.0,10,8.558721
140.0,10,8.561364
70.0,10,8.563255
140.0,10,8.565597
110.0,10,8.567514
80.0,10,8.570165
147.0,10,8.571997
200.0,10,8.574349
94.0,10,8.576202
140.0,10,8.578813
200.0,10,8.58066
177.0,10,8.582957
140.0,10,8.584804
94.0,10,8.587496
94.0,10,8.589332
200.0,10,8.591694
119.0,10,8.593529
170.0,10,8.596307
95.0,10,8.5982
140.0,10,8.600742
35.0,10,8.602766
170.0,10,8.605889
95.0,10,8.608065
75.0,10,8.610486
200.0,10,8.612479
177.0,10,8.615274
117.0,10,8.617123
170.0,10,8.619496
177.0,10,8.621384
170.0,10,8.624416
200.0,10,8.626383
87.0,10,8.628718
135.0,10,8.630617
10.0,10,8.633311
110.0,10,8.6352
140.0,10,8.637535
147.0,10,8.639389
170.0,10,8.642081
124.0,10,8.64395
154.0,10,8.646324
177.0,10,8.648175
200.0,10,8.650925
125.0,10,8.652816
170.0,10,8.655201
170.0,10,8.657067
55.0,10,8.659681
117.0,10,8.661492
135.0,10,8.663708
140.0,10,8.665581
200.0,10,8.668334
110.0,10,8.670168
147.0,10,8.672458
140.0,10,8.674354
-6.0,10,8.677066
100.0,10,8.678936
147.0,10,8.681281
65.0,10,8.683038
170.0,10,8.685805
200.0,10,8.687657
177.0,10,8.690018
57.0,10,8.691939
140.0,10,8.694605
67.0,10,8.696375
170.0,10,8.698741
72.0,10,8.700552
57.0,10,8.703113
110.0,10,8.704939
140.0,10,8.707284
140.0,10,8.709154
80.0,10,8.711921
110.0,10,8.713795
35.0,10,8.716024
170.0,10,8.71788
200.0,10,8.72046
170.0,10,8.722369
177.0,10,8.724815
140.0,10,8.726668
170.0,10,8.729341
147.0,10,8.731242
80.0,10,8.733581
147.0,10,8.735436
147.0,10,8.738146
59.0,10,8.740005
177.0,10,8.742509
177.0,10,8.744548
154.0,10,8.74742
94.0,10,8.749333
112.0,10,8.751722
172.0,10,8.75358
105.0,10,8.75637
140.0,10,8.758235
200.0,10,8.76065
140.0,10,8.76281
147.0,10,8.765722
200.0,10,8.767684
75.0,10,8.770215
170.0,10,8.772148
130.0,10,8.775044
117.0,10,8.776984
170.0,10,8.779547
140.0,10,8.781556
170.0,10,8.784652
140.0,10,8.786558
170.0,10,8.789087
147.0,10,8.791193
117.0,10,8.79417
200.0,10,8.796201
87.0,10,8.798728
155.0,10,8.800647
94.0,10,8.803621
87.0,10,8.805589
170.0,10,8.808055
70.0,10,8.809965
80.0,10,8.813037
80.0,10,8.815015
137.0,10,8.817306
147.0,10,8.819332
70.0,10,8.822287
147.0,10,8.824167
87.0,10,8.826717
80.0,10,8.828789
-81.0,10,8.831752
117.0,10,8.833779
124.0,10,8.836222
124.0,10,8.838227
142.0,10,8.841148
147.0,10,8.843146
147.0,10,8.845655
107.0,10,8.847674
-3.0,10,8.850441
170.0,10,8.852328
140.0,10,8.854859
170.0,10,8.85674
87.0,10,8.859586
147.0,10,8.86142
110.0,10,8.863827
170.0,10,8.865761
154.0,10,8.868526
177.0,10,8.870391
170.0,10,8.872792
147.0,10,8.87465
80.0,10,8.877403
140.0,10,8.879276
177.0,10,8.881597
140.0,10,8.883455
95.0,10,8.88619
117.0,10,8.888063
127.0,10,8.890347
117.0,10,8.892142
95.0,10,8.894799
125.0,10,8.896605
50.0,10,8.898986
20.0,10,8.900765
140.0,10,8.903586
170.0,10,8.905483
80.0,10,8.907793
170.0,10,8.909744
117.0,10,8.912464
112.0,10,8.914255
170.0,10,8.916691
200.0,10,8.918539
147.0,10,8.921177
170.0,10,8.923096
110.0,10,8.925522
140.0,10,8.927407
170.0,10,8.930095
140.0,10,8.931996
124.0,10,8.934345
65.0,10,8.936209
155.0,10,8.938697
95.0,10,8.940538
117.0,10,8.942897
-25.0,10,8.944761
140.0,10,8.947433
95.0,10,8.949293
110.0,10,8.9517
147.0,10,8.953543
125.0,10,8.956282
100.0,10,8.958092
142.0,10,8.960411
170.0,10,8.962259
147.0,10,8.964947
177.0,10,8.966804
65.0,10,8.969092
170.0,10,8.970869
177.0,10,8.97351
140.0,10,8.975418
59.0,10,8.977667
140.0,10,8.97951
140.0,10,8.982186
124.0,10,8.984044
117.0,10,8.986363
170.0,10,8.988204
147.0,10,8.99085
200.0,10,8.992752
125.0,10,8.995049
100.0,10,8.996831
110.0,10,8.99944
177.0,10,9.001279
140.0,10,9.003633
124.0,10,9.005521
200.0,10,9.00822
119.0,10,9.010034
170.0,10,9.012298
124.0,10,9.014163
170.0,10,9.016896
140.0,10,9.018773
87.0,10,9.0211
177.0,10,9.022949
177.0,10,9.025634
100.0,10,9.027395
200.0,10,9.029746
170.0,10,9.031657
200.0,10,9.034473
200.0,10,9.036348
147.0,10,9.038722
154.0,10,9.040631
170.0,10,9.043318
200.0,10,9.045153
140.0,10,9.047444
170.0,10,9.049302
177.0,10,9.051998
125.0,10,9.053815
170.0,10,9.056168
170.0,10,9.058003
149.0,10,9.060678
200.0,10,9.062523
124.0,10,9.06578
170.0,10,9.067692
125.0,10,9.070466
101.0,10,9.072376
147.0,10,9.074833
110.0,10,9.076782
177.0,10,9.079856
177.0,10,9.081911
74.0,10,9.085575
80.0,10,9.08755
125.0,10,9.090369
177.0,10,9.092268
110.0,10,9.094654
72.0,10,9.096558
55.0,10,9.099358
132.0,10,9.101272
140.0,10,9.103625
170.0,10,9.1055
110.0,10,9.108339
200.0,10,9.110229
95.0,10,9.112572
65.0,10,9.114412
80.0,10,9.117121
87.0,10,9.118976
155.0,10,9.121323
42.0,10,9.123126
110.0,10,9.125775
65.0,10,9.127579
80.0,10,9.129942
29.0,10,9.131728
19.0,10,9.134446
109.0,10,9.136263
177.0,10,9.138654
200.0,10,9.140573
147.0,10,9.143249
124.0,10,9.145095
40.0,10,9.14746
170.0,10,9.149329
147.0,10,9.152126
147.0,10,9.153983
72.0,10,9.156363
49.0,10,9.158176
87.0,10,9.160899
80.0,10,9.162748
140.0,10,9.165104
140.0,10,9.166962
170.0,10,9.16965
110.0,10,9.171584
147.0,10,9.173976
135.0,10,9.175812
117.0,10,9.178581
94.0,10,9.180444
47.0,10,9.182756
35.0,10,9.184565
154.0,10,9.187202
72.0,10,9.189079
62.0,10,9.191375
154.0,10,9.193317
124.0,10,9.199361
87.0,10,9.208089
200.0,10,9.211535
147.0,10,9.215797
80.0,10,9.239142
35.0,10,9.241721
110.0,10,9.245116
147.0,10,9.24738
80.0,10,9.251262
147.0,10,9.256255
140.0,10,9.263781
80.0,10,9.267593
117.0,10,9.270864
170.0,10,9.273052
140.0,10,9.275602
124.0,10,9.277747
177.0,10,9.281121
147.0,10,9.283105
64.0,10,9.285633
95.0,10,9.287589
117.0,10,9.29056
125.0,10,9.292446
80.0,10,9.295088
117.0,10,9.296984
67.0,10,9.299805
170.0,10,9.301755
170.0,10,9.304211
65.0,10,9.306267
147.0,10,9.309242
40.0,10,9.311235
125.0,10,9.313766
125.0,10,9.31574
125.0,10,9.318945
177.0,10,9.321101
177.0,10,9.323595
110.0,10,9.325559
17.0,10,9.328806
170.0,10,9.330794
170.0,10,9.33328
110.0,10,9.335276
95.0,10,9.338233
147.0,10,9.340154
140.0,10,9.342654
110.0,10,9.344852
140.0,10,9.347993
170.0,10,9.350041
87.0,10,9.352537
96.0,10,9.354415
84.0,10,9.357243
117.0,10,9.359221
117.0,10,9.362012
125.0,10,9.363957
55.0,10,9.366896
94.0,10,9.369058
117.0,10,9.371696
109.0,10,9.373636
107.0,10,9.376461
75.0,10,9.378487
110.0,10,9.381007
80.0,10,9.382973
200.0,10,9.385823
87.0,10,9.387757
87.0,10,9.390223
70.0,10,9.392058
170.0,10,9.395206
57.0,10,9.397233
95.0,10,9.399646
105.0,10,9.40151
102.0,10,9.404335
80.0,10,9.406305
170.0,10,9.408733
87.0,10,9.410786
72.0,10,9.413623
110.0,10,9.415579
84.0,10,9.418008
200.0,10,9.419948
64.0,10,9.422828
131.0,10,9.424757
170.0,10,9.427362
147.0,10,9.429325
117.0,10,9.432196
110.0,10,9.434165
119.0,10,9.436552
94.0,10,9.438522
170.0,10,9.441427
80.0,10,9.443353
110.0,10,9.445766
140.0,10,9.447645
110.0,10,9.45056
200.0,10,9.452634
95.0,10,9.455125
-50.0,10,9.4571
41.0,10,9.460008
110.0,10,9.461916
147.0,10,9.464275
170.0,10,9.466196
77.0,10,9.468947
80.0,10,9.470776
142.0,10,9.47315
117.0,10,9.475057
170.0,10,9.477883
70.0,10,9.479724
80.0,10,9.482084
5.0,10,9.483907
52.0,10,9.486584
125.0,10,9.488448
117.0,10,9.49082
-33.0,10,9.492728
95.0,10,9.495443
95.0,10,9.497337
87.0,10,9.499744
95.0,10,9.501622
154.0,10,9.504325
2.0,10,9.506139
57.0,10,9.508563
200.0,10,9.510466
132.0,10,9.513127
170.0,10,9.515029
140.0,10,9.517442
140.0,10,9.51932
24.0,10,9.521961
42.0,10,9.523873
117.0,10,9.526247
117.0,10,9.528071
112.0,10,9.530715
147.0,10,9.532532
110.0,10,9.534913
80.0,10,9.53686
89.0,10,9.539643
77.0,10,9.541503
110.0,10,9.543881
140.0,10,9.545763
74.0,10,9.548438
170.0,10,9.550288
40.0,10,9.552616
140.0,10,9.554539
172.0,10,9.557298
-30.0,10,9.559099
147.0,10,9.561452
170.0,10,9.563326
170.0,10,9.566088
125.0,10,9.567951
36.0,10,9.570205
70.0,10,9.572078
170.0,10,9.574828
165.0,10,9.576673
170.0,10,9.579012
170.0,10,9.580887
101.0,10,9.583589
-10.0,10,9.585422
140.0,10,9.587816
147.0,10,9.589718
124.0,10,9.592318
200.0,10,9.594226
95.0,10,9.596619
94.0,10,9.598497
124.0,10,9.601312
170.0,10,9.603186
54.0,10,9.6055
170.0,10,9.607356
30.0,10,9.61004
154.0,10,9.611904
177.0,10,9.614297
110.0,10,9.616169
170.0,10,9.618954
140.0,10,9.620824
170.0,10,9.623198
200.0,10,9.625092
110.0,10,9.627842
64.0,10,9.629728
147.0,10,9.632098
57.0,10,9.634008
85.0,10,9.636725
125.0,10,9.638583
147.0,10,9.640935
112.0,10,9.642743
170.0,10,9.645493
110.0,10,9.647345
87.0,10,9.649767
110.0,10,9.65162
95.0,10,9.654385
110.0,10,9.656252
20.0,10,9.658621
147.0,10,9.660574
120.0,10,9.663452
70.0,10,9.665399
177.0,10,9.667805
110.0,10,9.669712
147.0,10,9.672454
82.0,10,9.674329
170.0,10,9.67678
140.0,10,9.67863
172.0,10,9.681234
119.0,10,9.683135
147.0,10,9.685507
87.0,10,9.687435
112.0,10,9.690205
147.0,10,9.692091
117.0,10,9.694493
105.0,10,9.696346
131.0,10,9.699069
94.0,10,9.700987
57.0,10,9.703359
200.0,10,9.705233
200.0,10,9.708003
57.0,10,9.709886
112.0,10,9.712242
110.0,10,9.714128
87.0,10,9.716896
177.0,10,9.718776
170.0,10,9.721173
100.0,10,9.72299
95.0,10,9.725711
154.0,10,9.727577
96.0,10,9.729905
87.0,10,9.731726
117.0,10,9.734383
101.0,10,9.736227
110.0,10,9.738652
100.0,10,9.740522
200.0,10,9.743274
170.0,10,9.745107
140.0,10,9.747538
87.0,10,9.749359
117.0,10,9.752137
87.0,10,9.754048
140.0,10,9.756459
170.0,10,9.758362
140.0,10,9.761107
94.0,10,9.762932
170.0,10,9.765324
140.0,10,9.767229
135.0,10,9.769934
125.0,10,9.771816
95.0,10,9.774194
110.0,10,9.776089
140.0,10,9.778842
125.0,10,9.780713
82.0,10,9.783084
112.0,10,9.784934
170.0,10,9.787735
135.0,10,9.789585
200.0,10,9.792012
147.0,10,9.793885
177.0,10,9.796635
170.0,10,9.798505
80.0,10,9.800856
110.0,10,9.802744
71.0,10,9.805432
170.0,10,9.807303
79.0,10,9.80958
-25.0,10,9.811494
64.0,10,9.814219
147.0,10,9.816077
95.0,10,9.818485
52.0,10,9.820273
140.0,10,9.822968
108.0,10,9.824829
57.0,10,9.827145
110.0,10,9.829027
110.0,10,9.831779
147.0,10,9.833663
27.0,10,9.835989
89.0,10,9.837821
177.0,10,9.84054
140.0,10,9.842443
105.0,10,9.844786
170.0,10,9.84665
87.0,10,9.849378
155.0,10,9.851213
130.0,10,9.853503
170.0,10,9.855459
200.0,10,9.858233
170.0,10,9.860132
65.0,10,9.862539
140.0,10,9.864438
110.0,10,9.86721
110.0,10,9.86912
140.0,10,9.871597
140.0,10,9.87349
170.0,10,9.876227
147.0,10,9.878092
27.0,10,9.880514
110.0,10,9.88239
170.0,10,9.885149
75.0,10,9.886975
200.0,10,9.889361
200.0,10,9.891238
142.0,10,9.893952
147.0,10,9.89582
77.0,10,9.898106
57.0,10,9.899998
117.0,10,9.902702
154.0,10,9.904621
72.0,10,9.906991
170.0,10,9.908872
200.0,10,9.91169
177.0,10,9.91357
140.0,10,9.91594
95.0,10,9.917799
170.0,10,9.920517
140.0,10,9.922417
64.0,10,9.924706
125.0,10,9.926613
140.0,10,9.929325
142.0,10,9.931148
135.0,10,9.933466
117.0,10,9.935365
177.0,10,9.938121
147.0,10,9.940021
89.0,10,9.942365
71.0,10,9.944268
119.0,10,9.948039
94.0,10,9.950508
117.0,10,9.953166
102.0,10,9.955202
200.0,10,9.958234
177.0,10,9.960584
124.0,10,9.972377
117.0,10,9.978044
79.0,10,9.981713
117.0,10,9.984086
95.0,10,9.986941
140.0,10,9.989313
1.0,10,9.992423
140.0,10,9.994608
117.0,10,9.997097
3.0,10,9.999061
177.0,10,10.002106
22.0,10,10.003973
70.0,10,10.00642
126.0,10,10.008337
170.0,10,10.01153
142.0,10,10.01368
125.0,10,10.016336
140.0,10,10.018411
72.0,10,10.021812
87.0,10,10.023832
125.0,10,10.026582
80.0,10,10.028591
140.0,10,10.031529
170.0,10,10.033472
94.0,10,10.036248
200.0,10,10.038242
40.0,10,10.041154
200.0,10,10.04309
170.0,10,10.045702
80.0,10,10.04772
170.0,10,10.050708
170.0,10,10.052699
140.0,10,10.055452
200.0,10,10.057401
140.0,10,10.060526
117.0,10,10.062529
50.0,10,10.065331
147.0,10,10.067298
57.0,10,10.070263
147.0,10,10.07331
170.0,10,10.076229
84.0,10,10.079057
200.0,10,10.082631
110.0,10,10.084699
172.0,10,10.090398
110.0,10,10.093349
30.0,10,10.096309
200.0,10,10.099122
140.0,10,10.101817
170.0,10,10.103908
124.0,10,10.107106
140.0,10,10.109095
142.0,10,10.112023
200.0,10,10.114069
147.0,10,10.117202
140.0,10,10.119205
70.0,10,10.12172
109.0,10,10.123632
177.0,10,10.126824
142.0,10,10.128943
200.0,10,10.131511
140.0,10,10.133496
100.0,10,10.136377
170.0,10,10.138279
57.0,10,10.140779
87.0,10,10.142702
20.0,10,10.146273
170.0,10,10.1484
87.0,10,10.150893
110.0,10,10.152914
140.0,10,10.155971
170.0,10,10.15794
59.0,10,10.160627
70.0,10,10.162663
94.0,10,10.165603
200.0,10,10.167585
57.0,10,10.170125
140.0,10,10.172068
177.0,10,10.174952
170.0,10,10.177202
72.0,10,10.179772
52.0,10,10.181612
47.0,10,10.184486
77.0,10,10.186373
57.0,10,10.18886
105.0,10,10.19074
147.0,10,10.193817
27.0,10,10.195844
140.0,10,10.198399
110.0,10,10.200386
200.0,10,10.203289
80.0,10,10.205262
140.0,10,10.207726
112.0,10,10.209625
77.0,10,10.212938
110.0,10,10.214903
170.0,10,10.217312
110.0,10,10.219325
12.0,10,10.222108
80.0,10,10.224033
125.0,10,10.226475
42.0,10,10.228938
117.0,10,10.231983
19.0,10,10.233725
94.0,10,10.236234
119.0,10,10.238174
-19.0,10,10.241069
-78.0,10,10.242971
140.0,10,10.245828
147.0,10,10.247747
20.0,10,10.250766
110.0,10,10.252702
147.0,10,10.255358
140.0,10,10.257334
95.0,10,10.260465
-35.0,10,10.262507
89.0,10,10.26497
170.0,10,10.266883
52.0,10,10.269762
170.0,10,10.271708
117.0,10,10.274079
24.0,10,10.2759
84.0,10,10.279224
80.0,10,10.281392
200.0,10,10.28398
130.0,10,10.285887
147.0,10,10.288883
110.0,10,10.29079
140.0,10,10.29329
147.0,10,10.295255
200.0,10,10.298185
140.0,10,10.300077
155.0,10,10.302557
170.0,10,10.304562
105.0,10,10.307336
117.0,10,10.309133
172.0,10,10.311624
117.0,10,10.313532
170.0,10,10.31635
140.0,10,10.318271
170.0,10,10.320779
140.0,10,10.322697
170.0,10,10.325476
54.0,10,10.327482
170.0,10,10.33
71.0,10,10.331936
87.0,10,10.334786
147.0,10,10.336703
140.0,10,10.339194
79.0,10,10.341023
200.0,10,10.343954
125.0,10,10.345878
112.0,10,10.348269
124.0,10,10.350184
135.0,10,10.352935
119.0,10,10.354815
140.0,10,10.357242
85.0,10,10.359055
170.0,10,10.361827
52.0,10,10.363691
140.0,10,10.366121
110.0,10,10.368006
64.0,10,10.37087
110.0,10,10.372741
132.0,10,10.375162
170.0,10,10.377057
60.0,10,10.379751
149.0,10,10.381598
140.0,10,10.384012
200.0,10,10.385881
200.0,10,10.38866
117.0,10,10.390468
170.0,10,10.392874
125.0,10,10.394655
200.0,10,10.397412
200.0,10,10.39931
177.0,10,10.401678
140.0,10,10.403552
-25.0,10,10.406264
112.0,10,10.408103
87.0,10,10.410425
40.0,10,10.412201
154.0,10,10.415037
59.0,10,10.416867
95.0,10,10.419294
170.0,10,10.421162
110.0,10,10.423877
124.0,10,10.42577
65.0,10,10.428121
110.0,10,10.429994
140.0,10,10.432762
65.0,10,10.434592
100.0,10,10.436919
50.0,10,10.438809
110.0,10,10.441533
147.0,10,10.443428
200.0,10,10.445821
117.0,10,10.447655
147.0,10,10.450394
170.0,10,10.452299
117.0,10,10.454655
117.0,10,10.456548
57.0,10,10.459292
110.0,10,10.461168
110.0,10,10.46353
95.0,10,10.465409
170.0,10,10.468119
170.0,10,10.469976
101.0,10,10.472367
117.0,10,10.474254
-18.0,10,10.476936
57.0,10,10.478838
37.0,10,10.481174
41.0,10,10.483055
49.0,10,10.485788
33.0,10,10.487646
57.0,10,10.490048
108.0,10,10.491962
89.0,10,10.494695
50.0,10,10.496565
172.0,10,10.498818
0.0,10,10.500673
117.0,10,10.503359
102.0,10,10.505191
117.0,10,10.507538
110.0,10,10.509422
125.0,10,10.512176
135.0,10,10.51402
147.0,10,10.516409
80.0,10,10.518288
177.0,10,10.521028
170.0,10,10.522907
50.0,10,10.525291
110.0,10,10.527167
140.0,10,10.529861
100.0,10,10.531676
65.0,10,10.534005
110.0,10,10.535855
170.0,10,10.538567
12.0,10,10.540432
100.0,10,10.5428
154.0,10,10.544683
110.0,10,10.547429
200.0,10,10.54933
87.0,10,10.551706
119.0,10,10.55353
40.0,10,10.556206
95.0,10,10.558028
95.0,10,10.560394
67.0,10,10.562207
95.0,10,10.56491
110.0,10,10.566785
105.0,10,10.56906
125.0,10,10.570917
140.0,10,10.573682
19.0,10,10.575421
125.0,10,10.577791
177.0,10,10.579652
140.0,10,10.582372
170.0,10,10.584267
75.0,10,10.586666
140.0,10,10.588546
155.0,10,10.591258
67.0,10,10.593033
140.0,10,10.595395
80.0,10,10.597274
170.0,10,10.599948
117.0,10,10.60183
124.0,10,10.604148
110.0,10,10.606024
96.0,10,10.608707
117.0,10,10.610584
101.0,10,10.612935
64.0,10,10.614832
117.0,10,10.617542
124.0,10,10.619418
64.0,10,10.621816
172.0,10,10.623654
117.0,10,10.626321
87.0,10,10.628191
200.0,10,10.630577
200.0,10,10.632438
110.0,10,10.635028
140.0,10,10.636909
135.0,10,10.639283
170.0,10,10.641063
130.0,10,10.643719
170.0,10,10.64556
200.0,10,10.647897
54.0,10,10.649704
112.0,10,10.652403
165.0,10,10.654274
200.0,10,10.656692
177.0,10,10.65853
170.0,10,10.661257
117.0,10,10.663097
65.0,10,10.665446
110.0,10,10.667368
87.0,10,10.670075
65.0,10,10.671922
95.0,10,10.674261
37.0,10,10.676071
140.0,10,10.678763
170.0,10,10.680666
95.0,10,10.683005
140.0,10,10.684799
117.0,10,10.68751
147.0,10,10.689399
-21.0,10,10.691689
177.0,10,10.693553
142.0,10,10.696273
41.0,10,10.698136
56.0,10,10.700409
89.0,10,10.702252
100.0,10,10.704942
170.0,10,10.706815
110.0,10,10.709182
200.0,10,10.711064
80.0,10,10.713844
124.0,10,10.715638
70.0,10,10.717949
117.0,10,10.719788
110.0,10,10.722596
170.0,10,10.724459
110.0,10,10.726873
117.0,10,10.72874
50.0,10,10.731503
110.0,10,10.733356
110.0,10,10.735706
110.0,10,10.737568
50.0,10,10.740234
80.0,10,10.742079
140.0,10,10.74445
140.0,10,10.746264
170.0,10,10.749004
140.0,10,10.750892
117.0,10,10.753198
170.0,10,10.75505
87.0,10,10.757763
165.0,10,10.759596
140.0,10,10.761979
200.0,10,10.763787
132.0,10,10.766455
200.0,10,10.768293
140.0,10,10.77064
112.0,10,10.772421
140.0,10,10.775074
101.0,10,10.776887
117.0,10,10.779192
124.0,10,10.781062
140.0,10,10.783821
200.0,10,10.785696
170.0,10,10.788088
155.0,10,10.789903
104.0,10,10.792567
140.0,10,10.79445
155.0,10,10.796772
170.0,10,10.798632
170.0,10,10.801456
90.0,10,10.803225
95.0,10,10.805651
-43.0,10,10.80747
27.0,10,10.810206
170.0,10,10.812064
170.0,10,10.814394
42.0,10,10.816273
140.0,10,10.81892
125.0,10,10.820744
177.0,10,10.823095
87.0,10,10.824978
95.0,10,10.827738
140.0,10,10.829606
147.0,10,10.831998
177.0,10,10.83384
131.0,10,10.836481
140.0,10,10.83834
140.0,10,10.840701
170.0,10,10.842551
102.0,10,10.845169
170.0,10,10.847061
60.0,10,10.84935
170.0,10,10.851245
170.0,10,10.855031
170.0,10,10.857185
117.0,10,10.860088
147.0,10,10.862662
50.0,10,10.865953
147.0,10,10.86788
110.0,10,10.870335
170.0,10,10.872214
140.0,10,10.875171
170.0,10,10.877397
140.0,10,10.879946
102.0,10,10.881851
110.0,10,10.884782
140.0,10,10.886705
110.0,10,10.88913
200.0,10,10.891006
140.0,10,10.894217
130.0,10,10.896163
49.0,10,10.898519
117.0,10,10.900417
200.0,10,10.903295
154.0,10,10.905278
95.0,10,10.907694
20.0,10,10.909623
95.0,10,10.912736
119.0,10,10.914596
147.0,10,10.917058
110.0,10,10.919032
140.0,10,10.921923
110.0,10,10.923829
110.0,10,10.926292
87.0,10,10.928194
140.0,10,10.931033
110.0,10,10.932923
147.0,10,10.935334
110.0,10,10.937268
-33.0,10,10.940058
-20.0,10,10.941899
35.0,10,10.944318
155.0,10,10.946191
110.0,10,10.948866
95.0,10,10.950734
65.0,10,10.952986
-13.0,10,10.954817
117.0,10,10.957502
110.0,10,10.959377
40.0,10,10.961695
70.0,10,10.963464
147.0,10,10.966214
172.0,10,10.968062
177.0,10,10.970434
42.0,10,10.97223
124.0,10,10.974948
94.0,10,10.976802
154.0,10,10.979162
100.0,10,10.980989
80.0,10,10.983701
135.0,10,10.985508
110.0,10,10.987875
154.0,10,10.989741
124.0,10,10.992471
57.0,10,10.994347
95.0,10,10.996671
140.0,10,10.99847
149.0,10,11.001152
140.0,10,11.002985
34.0,10,11.005346
80.0,10,11.007174
87.0,10,11.009883
140.0,10,11.011733
165.0,10,11.014073
170.0,10,11.015931
147.0,10,11.018719
117.0,10,11.020609
170.0,10,11.023006
140.0,10,11.024911
65.0,10,11.027569
110.0,10,11.02943
94.0,10,11.031862
-5.0,10,11.033671
20.0,10,11.03644
57.0,10,11.03834
110.0,10,11.040725
10.0,10,11.042556
109.0,10,11.045297
110.0,10,11.047181
110.0,10,11.049568
125.0,10,11.051412
200.0,10,11.054139
110.0,10,11.056001
177.0,10,11.058352
110.0,10,11.060221
82.0,10,11.062916
80.0,10,11.064782
125.0,10,11.067107
65.0,10,11.068937
170.0,10,11.071651
44.0,10,11.073512
87.0,10,11.075908
10.0,10,11.077664
101.0,10,11.080404
77.0,10,11.082249
147.0,10,11.084601
12.0,10,11.086329
79.0,10,11.089066
102.0,10,11.090946
147.0,10,11.093331
170.0,10,11.095191
132.0,10,11.097809
57.0,10,11.099675
25.0,10,11.101978
112.0,10,11.103809
108.0,10,11.106554
62.0,10,11.108328
140.0,10,11.110752
110.0,10,11.112624
87.0,10,11.115354
101.0,10,11.117163
102.0,10,11.11953
140.0,10,11.121418
10.0,10,11.124084
147.0,10,11.125962
84.0,10,11.128229
200.0,10,11.130099
200.0,10,11.132809
170.0,10,11.134698
147.0,10,11.137066
154.0,10,11.138887
94.0,10,11.141661
95.0,10,11.143499
170.0,10,11.145916
170.0,10,11.14777
147.0,10,11.150456
94.0,10,11.152319
140.0,10,11.154673
170.0,10,11.156529
147.0,10,11.159204
140.0,10,11.161058
140.0,10,11.163399
124.0,10,11.1652
170.0,10,11.167961
132.0,10,11.169789
147.0,10,11.172176
170.0,10,11.174043
87.0,10,11.176757
80.0,10,11.178628
75.0,10,11.180951
40.0,10,11.182775
40.0,10,11.185474
147.0,10,11.187377
147.0,10,11.18975
110.0,10,11.191618
100.0,10,11.19428
140.0,10,11.196174
70.0,10,11.198505
49.0,10,11.200335
95.0,10,11.203017
112.0,10,11.204844
140.0,10,11.207174
87.0,10,11.209029
110.0,10,11.211658
110.0,10,11.213539
57.0,10,11.215923
147.0,10,11.21779
110.0,10,11.220455
200.0,10,11.22234
95.0,10,11.224704
124.0,10,11.226576
177.0,10,11.229265
177.0,10,11.23114
142.0,10,11.233398
64.0,10,11.2352
124.0,10,11.237868
105.0,10,11.239682
124.0,10,11.242041
80.0,10,11.243881
200.0,10,11.246672
71.0,10,11.248531
165.0,10,11.25094
110.0,10,11.252805
155.0,10,11.255512
52.0,10,11.257374
170.0,10,11.259697
57.0,10,11.261573
87.0,10,11.264271
100.0,10,11.266043
80.0,10,11.268331
147.0,10,11.270204
170.0,10,11.272934
140.0,10,11.274816
170.0,10,11.277181
140.0,10,11.279066
170.0,10,11.281775
95.0,10,11.283613
177.0,10,11.286011
125.0,10,11.287799
124.0,10,11.290486
87.0,10,11.29233
87.0,10,11.294667
200.0,10,11.296542
117.0,10,11.299288
140.0,10,11.301163
110.0,10,11.303481
147.0,10,11.305341
80.0,10,11.308002
112.0,10,11.309769
117.0,10,11.312139
34.0,10,11.31397
10.0,10,11.316607
170.0,10,11.318492
124.0,10,11.320829
154.0,10,11.322697
147.0,10,11.325346
131.0,10,11.327228
101.0,10,11.329569
34.0,10,11.331431
147.0,10,11.334191
131.0,10,11.336014
147.0,10,11.338441
147.0,10,11.340291
140.0,10,11.342951
147.0,10,11.344801
177.0,10,11.347157
59.0,10,11.348971
147.0,10,11.351635
177.0,10,11.353508
154.0,10,11.355854
170.0,10,11.357707
